hero_id,name_ja,prompt,negative_prompt,target
H001,城門の誓衛アルデン,"original fantasy MOBA hero, 城門の誓衛アルデン, role Vanguard, full body, strong readable silhouette, stylized proportions, mobile game ready, PBR materials, neutral A-pose, separate weapon, no text, no logo","copyrighted character, brand logo, text, extra limbs, fused weapon",18k tris LOD0 / 2K textures / humanoid rig
H002,星弦のリラ,"original fantasy MOBA hero, 星弦のリラ, role Duelist, full body, strong readable silhouette, stylized proportions, mobile game ready, PBR materials, neutral A-pose, separate weapon, no text, no logo","copyrighted character, brand logo, text, extra limbs, fused weapon",18k tris LOD0 / 2K textures / humanoid rig
H003,灰刃のカエル,"original fantasy MOBA hero, 灰刃のカエル, role Ranger, full body, strong readable silhouette, stylized proportions, mobile game ready, PBR materials, neutral A-pose, separate weapon, no text, no logo","copyrighted character, brand logo, text, extra limbs, fused weapon",18k tris LOD0 / 2K textures / humanoid rig
H004,潮祈のミレア,"original fantasy MOBA hero, 潮祈のミレア, role Arcanist, full body, strong readable silhouette, stylized proportions, mobile game ready, PBR materials, neutral A-pose, separate weapon, no text, no logo","copyrighted character, brand logo, text, extra limbs, fused weapon",18k tris LOD0 / 2K textures / humanoid rig
H005,黒雷のヴォス,"original fantasy MOBA hero, 黒雷のヴォス, role Support, full body, strong readable silhouette, stylized proportions, mobile game ready, PBR materials, neutral A-pose, separate weapon, no text, no logo","copyrighted character, brand logo, text, extra limbs, fused weapon",18k tris LOD0 / 2K textures / humanoid rig
H006,月灯のセレン,"original fantasy MOBA hero, 月灯のセレン, role Assassin, full body, strong readable silhouette, stylized proportions, mobile game ready, PBR materials, neutral A-pose, separate weapon, no text, no logo","copyrighted character, brand logo, text, extra limbs, fused weapon",18k tris LOD0 / 2K textures / humanoid rig
H007,岩脈のガルク,"original fantasy MOBA hero, 岩脈のガルク, role Vanguard, full body, strong readable silhouette, stylized proportions, mobile game ready, PBR materials, neutral A-pose, separate weapon, no text, no logo","copyrighted character, brand logo, text, extra limbs, fused weapon",18k tris LOD0 / 2K textures / humanoid rig
H008,風標のニア,"original fantasy MOBA hero, 風標のニア, role Duelist, full body, strong readable silhouette, stylized proportions, mobile game ready, PBR materials, neutral A-pose, separate weapon, no text, no logo","copyrighted character, brand logo, text, extra limbs, fused weapon",18k tris LOD0 / 2K textures / humanoid rig
H009,機巧士オリン,"original fantasy MOBA hero, 機巧士オリン, role Ranger, full body, strong readable silhouette, stylized proportions, mobile game ready, PBR materials, neutral A-pose, separate weapon, no text, no logo","copyrighted character, brand logo, text, extra limbs, fused weapon",18k tris LOD0 / 2K textures / humanoid rig
H010,焔冠のテッサ,"original fantasy MOBA hero, 焔冠のテッサ, role Arcanist, full body, strong readable silhouette, stylized proportions, mobile game ready, PBR materials, neutral A-pose, separate weapon, no text, no logo","copyrighted character, brand logo, text, extra limbs, fused weapon",18k tris LOD0 / 2K textures / humanoid rig
H011,鉄翼のルーク,"original fantasy MOBA hero, 鉄翼のルーク, role Support, full body, strong readable silhouette, stylized proportions, mobile game ready, PBR materials, neutral A-pose, separate weapon, no text, no logo","copyrighted character, brand logo, text, extra limbs, fused weapon",18k tris LOD0 / 2K textures / humanoid rig
H012,玻璃歌のエリネ,"original fantasy MOBA hero, 玻璃歌のエリネ, role Assassin, full body, strong readable silhouette, stylized proportions, mobile game ready, PBR materials, neutral A-pose, separate weapon, no text, no logo","copyrighted character, brand logo, text, extra limbs, fused weapon",18k tris LOD0 / 2K textures / humanoid rig
H013,獣刻のダガン,"original fantasy MOBA hero, 獣刻のダガン, role Vanguard, full body, strong readable silhouette, stylized proportions, mobile game ready, PBR materials, neutral A-pose, separate weapon, no text, no logo","copyrighted character, brand logo, text, extra limbs, fused weapon",18k tris LOD0 / 2K textures / humanoid rig
H014,霧歩のシオ,"original fantasy MOBA hero, 霧歩のシオ, role Duelist, full body, strong readable silhouette, stylized proportions, mobile game ready, PBR materials, neutral A-pose, separate weapon, no text, no logo","copyrighted character, brand logo, text, extra limbs, fused weapon",18k tris LOD0 / 2K textures / humanoid rig
H015,戦鐘のヴァルカ,"original fantasy MOBA hero, 戦鐘のヴァルカ, role Ranger, full body, strong readable silhouette, stylized proportions, mobile game ready, PBR materials, neutral A-pose, separate weapon, no text, no logo","copyrighted character, brand logo, text, extra limbs, fused weapon",18k tris LOD0 / 2K textures / humanoid rig
H016,白環のイリス,"original fantasy MOBA hero, 白環のイリス, role Arcanist, full body, strong readable silhouette, stylized proportions, mobile game ready, PBR materials, neutral A-pose, separate weapon, no text, no logo","copyrighted character, brand logo, text, extra limbs, fused weapon",18k tris LOD0 / 2K textures / humanoid rig
H017,深淵鎖のモルド,"original fantasy MOBA hero, 深淵鎖のモルド, role Support, full body, strong readable silhouette, stylized proportions, mobile game ready, PBR materials, neutral A-pose, separate weapon, no text, no logo","copyrighted character, brand logo, text, extra limbs, fused weapon",18k tris LOD0 / 2K textures / humanoid rig
H018,花星のセリア,"original fantasy MOBA hero, 花星のセリア, role Assassin, full body, strong readable silhouette, stylized proportions, mobile game ready, PBR materials, neutral A-pose, separate weapon, no text, no logo","copyrighted character, brand logo, text, extra limbs, fused weapon",18k tris LOD0 / 2K textures / humanoid rig
H019,砦砕のブラム,"original fantasy MOBA hero, 砦砕のブラム, role Vanguard, full body, strong readable silhouette, stylized proportions, mobile game ready, PBR materials, neutral A-pose, separate weapon, no text, no logo","copyrighted character, brand logo, text, extra limbs, fused weapon",18k tris LOD0 / 2K textures / humanoid rig
H020,光矢のユナ,"original fantasy MOBA hero, 光矢のユナ, role Duelist, full body, strong readable silhouette, stylized proportions, mobile game ready, PBR materials, neutral A-pose, separate weapon, no text, no logo","copyrighted character, brand logo, text, extra limbs, fused weapon",18k tris LOD0 / 2K textures / humanoid rig
H021,時砂のキロス,"original fantasy MOBA hero, 時砂のキロス, role Ranger, full body, strong readable silhouette, stylized proportions, mobile game ready, PBR materials, neutral A-pose, separate weapon, no text, no logo","copyrighted character, brand logo, text, extra limbs, fused weapon",18k tris LOD0 / 2K textures / humanoid rig
H022,蒼爪のレア,"original fantasy MOBA hero, 蒼爪のレア, role Arcanist, full body, strong readable silhouette, stylized proportions, mobile game ready, PBR materials, neutral A-pose, separate weapon, no text, no logo","copyrighted character, brand logo, text, extra limbs, fused weapon",18k tris LOD0 / 2K textures / humanoid rig
H023,雷槍のトレン,"original fantasy MOBA hero, 雷槍のトレン, role Support, full body, strong readable silhouette, stylized proportions, mobile game ready, PBR materials, neutral A-pose, separate weapon, no text, no logo","copyrighted character, brand logo, text, extra limbs, fused weapon",18k tris LOD0 / 2K textures / humanoid rig
H024,夢織のノア,"original fantasy MOBA hero, 夢織のノア, role Assassin, full body, strong readable silhouette, stylized proportions, mobile game ready, PBR materials, neutral A-pose, separate weapon, no text, no logo","copyrighted character, brand logo, text, extra limbs, fused weapon",18k tris LOD0 / 2K textures / humanoid rig
