cosmetic_id,name_ja,type,hero_id,rarity,competitive_power
CO001,城門の誓衛アルデン HeroSkin 1,HeroSkin,H001,Common,0
CO002,星弦のリラ Recall 1,Recall,,Rare,0
CO003,灰刃のカエル Spawn 1,Spawn,,Epic,0
CO004,潮祈のミレア Emote 1,Emote,,Mythic,0
CO005,黒雷のヴォス AvatarFrame 1,AvatarFrame,,Common,0
CO006,月灯のセレン KillEffect 1,KillEffect,,Rare,0
CO007,岩脈のガルク HeroSkin 1,HeroSkin,H007,Epic,0
CO008,風標のニア Recall 1,Recall,,Mythic,0
CO009,機巧士オリン Spawn 1,Spawn,,Common,0
CO010,焔冠のテッサ Emote 1,Emote,,Rare,0
CO011,鉄翼のルーク AvatarFrame 1,AvatarFrame,,Epic,0
CO012,玻璃歌のエリネ KillEffect 1,KillEffect,,Mythic,0
CO013,獣刻のダガン HeroSkin 1,HeroSkin,H013,Common,0
CO014,霧歩のシオ Recall 1,Recall,,Rare,0
CO015,戦鐘のヴァルカ Spawn 1,Spawn,,Epic,0
CO016,白環のイリス Emote 1,Emote,,Mythic,0
CO017,深淵鎖のモルド AvatarFrame 1,AvatarFrame,,Common,0
CO018,花星のセリア KillEffect 1,KillEffect,,Rare,0
CO019,砦砕のブラム HeroSkin 1,HeroSkin,H019,Epic,0
CO020,光矢のユナ Recall 1,Recall,,Mythic,0
CO021,時砂のキロス Spawn 1,Spawn,,Common,0
CO022,蒼爪のレア Emote 1,Emote,,Rare,0
CO023,雷槍のトレン AvatarFrame 1,AvatarFrame,,Epic,0
CO024,夢織のノア KillEffect 1,KillEffect,,Mythic,0
CO025,城門の誓衛アルデン HeroSkin 2,HeroSkin,H001,Common,0
CO026,星弦のリラ Recall 2,Recall,,Rare,0
CO027,灰刃のカエル Spawn 2,Spawn,,Epic,0
CO028,潮祈のミレア Emote 2,Emote,,Mythic,0
CO029,黒雷のヴォス AvatarFrame 2,AvatarFrame,,Common,0
CO030,月灯のセレン KillEffect 2,KillEffect,,Rare,0
CO031,岩脈のガルク HeroSkin 2,HeroSkin,H007,Epic,0
CO032,風標のニア Recall 2,Recall,,Mythic,0
CO033,機巧士オリン Spawn 2,Spawn,,Common,0
CO034,焔冠のテッサ Emote 2,Emote,,Rare,0
CO035,鉄翼のルーク AvatarFrame 2,AvatarFrame,,Epic,0
CO036,玻璃歌のエリネ KillEffect 2,KillEffect,,Mythic,0
CO037,獣刻のダガン HeroSkin 2,HeroSkin,H013,Common,0
CO038,霧歩のシオ Recall 2,Recall,,Rare,0
CO039,戦鐘のヴァルカ Spawn 2,Spawn,,Epic,0
CO040,白環のイリス Emote 2,Emote,,Mythic,0
CO041,深淵鎖のモルド AvatarFrame 2,AvatarFrame,,Common,0
CO042,花星のセリア KillEffect 2,KillEffect,,Rare,0
CO043,砦砕のブラム HeroSkin 2,HeroSkin,H019,Epic,0
CO044,光矢のユナ Recall 2,Recall,,Mythic,0
CO045,時砂のキロス Spawn 2,Spawn,,Common,0
CO046,蒼爪のレア Emote 2,Emote,,Rare,0
CO047,雷槍のトレン AvatarFrame 2,AvatarFrame,,Epic,0
CO048,夢織のノア KillEffect 2,KillEffect,,Mythic,0
CO049,城門の誓衛アルデン HeroSkin 3,HeroSkin,H001,Common,0
CO050,星弦のリラ Recall 3,Recall,,Rare,0
CO051,灰刃のカエル Spawn 3,Spawn,,Epic,0
CO052,潮祈のミレア Emote 3,Emote,,Mythic,0
CO053,黒雷のヴォス AvatarFrame 3,AvatarFrame,,Common,0
CO054,月灯のセレン KillEffect 3,KillEffect,,Rare,0
CO055,岩脈のガルク HeroSkin 3,HeroSkin,H007,Epic,0
CO056,風標のニア Recall 3,Recall,,Mythic,0
CO057,機巧士オリン Spawn 3,Spawn,,Common,0
CO058,焔冠のテッサ Emote 3,Emote,,Rare,0
CO059,鉄翼のルーク AvatarFrame 3,AvatarFrame,,Epic,0
CO060,玻璃歌のエリネ KillEffect 3,KillEffect,,Mythic,0
CO061,獣刻のダガン HeroSkin 3,HeroSkin,H013,Common,0
CO062,霧歩のシオ Recall 3,Recall,,Rare,0
CO063,戦鐘のヴァルカ Spawn 3,Spawn,,Epic,0
CO064,白環のイリス Emote 3,Emote,,Mythic,0
CO065,深淵鎖のモルド AvatarFrame 3,AvatarFrame,,Common,0
CO066,花星のセリア KillEffect 3,KillEffect,,Rare,0
CO067,砦砕のブラム HeroSkin 3,HeroSkin,H019,Epic,0
CO068,光矢のユナ Recall 3,Recall,,Mythic,0
CO069,時砂のキロス Spawn 3,Spawn,,Common,0
CO070,蒼爪のレア Emote 3,Emote,,Rare,0
CO071,雷槍のトレン AvatarFrame 3,AvatarFrame,,Epic,0
CO072,夢織のノア KillEffect 3,KillEffect,,Mythic,0
