effect_id,name_ja,effect_type,duration_sec,scale_m,particle_budget,engine_notes,meshy_prompt
FX_SK_001_1,城門の誓衛アルデン - 不落の誓い,Burst,0.53,1.05,137,Meshyで核となる立体メッシュ/紋章を生成。粒子、発光、トレイル、ディゾルブ、タイミングはゲームエンジン側で構築。,"original fantasy MOBA VFX mesh, 城門の誓衛アルデン - 不落の誓い, clean silhouette, game-ready, no text, no logo, PBR-friendly"
FX_SK_001_2,城門の誓衛アルデン - Alden式・一閃,Trail,0.71,1.3,154,Meshyで核となる立体メッシュ/紋章を生成。粒子、発光、トレイル、ディゾルブ、タイミングはゲームエンジン側で構築。,"original fantasy MOBA VFX mesh, 城門の誓衛アルデン - Alden式・一閃, clean silhouette, game-ready, no text, no logo, PBR-friendly"
FX_SK_001_3,城門の誓衛アルデン - 星環シフト1,Area,0.89,1.55,171,Meshyで核となる立体メッシュ/紋章を生成。粒子、発光、トレイル、ディゾルブ、タイミングはゲームエンジン側で構築。,"original fantasy MOBA VFX mesh, 城門の誓衛アルデン - 星環シフト1, clean silhouette, game-ready, no text, no logo, PBR-friendly"
FX_SK_001_4,城門の誓衛アルデン - 境界制圧1,Shield,1.07,1.8,188,Meshyで核となる立体メッシュ/紋章を生成。粒子、発光、トレイル、ディゾルブ、タイミングはゲームエンジン側で構築。,"original fantasy MOBA VFX mesh, 城門の誓衛アルデン - 境界制圧1, clean silhouette, game-ready, no text, no logo, PBR-friendly"
FX_SK_001_5,城門の誓衛アルデン - 第七門・閉鎖令,Projectile,1.25,2.05,205,Meshyで核となる立体メッシュ/紋章を生成。粒子、発光、トレイル、ディゾルブ、タイミングはゲームエンジン側で構築。,"original fantasy MOBA VFX mesh, 城門の誓衛アルデン - 第七門・閉鎖令, clean silhouette, game-ready, no text, no logo, PBR-friendly"
FX_SK_002_1,星弦のリラ - 星屑の調律,Burst,1.43,2.3,222,Meshyで核となる立体メッシュ/紋章を生成。粒子、発光、トレイル、ディゾルブ、タイミングはゲームエンジン側で構築。,"original fantasy MOBA VFX mesh, 星弦のリラ - 星屑の調律, clean silhouette, game-ready, no text, no logo, PBR-friendly"
FX_SK_002_2,星弦のリラ - Lyra式・一閃,Trail,1.61,0.8,239,Meshyで核となる立体メッシュ/紋章を生成。粒子、発光、トレイル、ディゾルブ、タイミングはゲームエンジン側で構築。,"original fantasy MOBA VFX mesh, 星弦のリラ - Lyra式・一閃, clean silhouette, game-ready, no text, no logo, PBR-friendly"
FX_SK_002_3,星弦のリラ - 星環シフト2,Area,1.79,1.05,256,Meshyで核となる立体メッシュ/紋章を生成。粒子、発光、トレイル、ディゾルブ、タイミングはゲームエンジン側で構築。,"original fantasy MOBA VFX mesh, 星弦のリラ - 星環シフト2, clean silhouette, game-ready, no text, no logo, PBR-friendly"
FX_SK_002_4,星弦のリラ - 境界制圧2,Shield,0.35,1.3,273,Meshyで核となる立体メッシュ/紋章を生成。粒子、発光、トレイル、ディゾルブ、タイミングはゲームエンジン側で構築。,"original fantasy MOBA VFX mesh, 星弦のリラ - 境界制圧2, clean silhouette, game-ready, no text, no logo, PBR-friendly"
FX_SK_002_5,星弦のリラ - 天穹星弦,Projectile,0.53,1.55,290,Meshyで核となる立体メッシュ/紋章を生成。粒子、発光、トレイル、ディゾルブ、タイミングはゲームエンジン側で構築。,"original fantasy MOBA VFX mesh, 星弦のリラ - 天穹星弦, clean silhouette, game-ready, no text, no logo, PBR-friendly"
FX_SK_003_1,灰刃のカエル - 残火の刻印,Burst,0.71,1.8,307,Meshyで核となる立体メッシュ/紋章を生成。粒子、発光、トレイル、ディゾルブ、タイミングはゲームエンジン側で構築。,"original fantasy MOBA VFX mesh, 灰刃のカエル - 残火の刻印, clean silhouette, game-ready, no text, no logo, PBR-friendly"
FX_SK_003_2,灰刃のカエル - Kael式・一閃,Trail,0.89,2.05,324,Meshyで核となる立体メッシュ/紋章を生成。粒子、発光、トレイル、ディゾルブ、タイミングはゲームエンジン側で構築。,"original fantasy MOBA VFX mesh, 灰刃のカエル - Kael式・一閃, clean silhouette, game-ready, no text, no logo, PBR-friendly"
FX_SK_003_3,灰刃のカエル - 星環シフト3,Area,1.07,2.3,341,Meshyで核となる立体メッシュ/紋章を生成。粒子、発光、トレイル、ディゾルブ、タイミングはゲームエンジン側で構築。,"original fantasy MOBA VFX mesh, 灰刃のカエル - 星環シフト3, clean silhouette, game-ready, no text, no logo, PBR-friendly"
FX_SK_003_4,灰刃のカエル - 境界制圧3,Shield,1.25,0.8,358,Meshyで核となる立体メッシュ/紋章を生成。粒子、発光、トレイル、ディゾルブ、タイミングはゲームエンジン側で構築。,"original fantasy MOBA VFX mesh, 灰刃のカエル - 境界制圧3, clean silhouette, game-ready, no text, no logo, PBR-friendly"
FX_SK_003_5,灰刃のカエル - 灰燼断界,Projectile,1.43,1.05,375,Meshyで核となる立体メッシュ/紋章を生成。粒子、発光、トレイル、ディゾルブ、タイミングはゲームエンジン側で構築。,"original fantasy MOBA VFX mesh, 灰刃のカエル - 灰燼断界, clean silhouette, game-ready, no text, no logo, PBR-friendly"
FX_SK_004_1,潮祈のミレア - 潮騒の加護,Burst,1.61,1.3,392,Meshyで核となる立体メッシュ/紋章を生成。粒子、発光、トレイル、ディゾルブ、タイミングはゲームエンジン側で構築。,"original fantasy MOBA VFX mesh, 潮祈のミレア - 潮騒の加護, clean silhouette, game-ready, no text, no logo, PBR-friendly"
FX_SK_004_2,潮祈のミレア - Mirea式・一閃,Trail,1.79,1.55,409,Meshyで核となる立体メッシュ/紋章を生成。粒子、発光、トレイル、ディゾルブ、タイミングはゲームエンジン側で構築。,"original fantasy MOBA VFX mesh, 潮祈のミレア - Mirea式・一閃, clean silhouette, game-ready, no text, no logo, PBR-friendly"
FX_SK_004_3,潮祈のミレア - 星環シフト4,Area,0.35,1.8,426,Meshyで核となる立体メッシュ/紋章を生成。粒子、発光、トレイル、ディゾルブ、タイミングはゲームエンジン側で構築。,"original fantasy MOBA VFX mesh, 潮祈のミレア - 星環シフト4, clean silhouette, game-ready, no text, no logo, PBR-friendly"
FX_SK_004_4,潮祈のミレア - 境界制圧4,Shield,0.53,2.05,443,Meshyで核となる立体メッシュ/紋章を生成。粒子、発光、トレイル、ディゾルブ、タイミングはゲームエンジン側で構築。,"original fantasy MOBA VFX mesh, 潮祈のミレア - 境界制圧4, clean silhouette, game-ready, no text, no logo, PBR-friendly"
FX_SK_004_5,潮祈のミレア - 大潮祈祷,Projectile,0.71,2.3,460,Meshyで核となる立体メッシュ/紋章を生成。粒子、発光、トレイル、ディゾルブ、タイミングはゲームエンジン側で構築。,"original fantasy MOBA VFX mesh, 潮祈のミレア - 大潮祈祷, clean silhouette, game-ready, no text, no logo, PBR-friendly"
FX_SK_005_1,黒雷のヴォス - 雷脈充填,Burst,0.89,0.8,477,Meshyで核となる立体メッシュ/紋章を生成。粒子、発光、トレイル、ディゾルブ、タイミングはゲームエンジン側で構築。,"original fantasy MOBA VFX mesh, 黒雷のヴォス - 雷脈充填, clean silhouette, game-ready, no text, no logo, PBR-friendly"
FX_SK_005_2,黒雷のヴォス - Voss式・一閃,Trail,1.07,1.05,494,Meshyで核となる立体メッシュ/紋章を生成。粒子、発光、トレイル、ディゾルブ、タイミングはゲームエンジン側で構築。,"original fantasy MOBA VFX mesh, 黒雷のヴォス - Voss式・一閃, clean silhouette, game-ready, no text, no logo, PBR-friendly"
FX_SK_005_3,黒雷のヴォス - 星環シフト5,Area,1.25,1.3,511,Meshyで核となる立体メッシュ/紋章を生成。粒子、発光、トレイル、ディゾルブ、タイミングはゲームエンジン側で構築。,"original fantasy MOBA VFX mesh, 黒雷のヴォス - 星環シフト5, clean silhouette, game-ready, no text, no logo, PBR-friendly"
FX_SK_005_4,黒雷のヴォス - 境界制圧5,Shield,1.43,1.55,528,Meshyで核となる立体メッシュ/紋章を生成。粒子、発光、トレイル、ディゾルブ、タイミングはゲームエンジン側で構築。,"original fantasy MOBA VFX mesh, 黒雷のヴォス - 境界制圧5, clean silhouette, game-ready, no text, no logo, PBR-friendly"
FX_SK_005_5,黒雷のヴォス - 黒雷天墜,Projectile,1.61,1.8,125,Meshyで核となる立体メッシュ/紋章を生成。粒子、発光、トレイル、ディゾルブ、タイミングはゲームエンジン側で構築。,"original fantasy MOBA VFX mesh, 黒雷のヴォス - 黒雷天墜, clean silhouette, game-ready, no text, no logo, PBR-friendly"
FX_SK_006_1,月灯のセレン - 月影の灯,Burst,1.79,2.05,142,Meshyで核となる立体メッシュ/紋章を生成。粒子、発光、トレイル、ディゾルブ、タイミングはゲームエンジン側で構築。,"original fantasy MOBA VFX mesh, 月灯のセレン - 月影の灯, clean silhouette, game-ready, no text, no logo, PBR-friendly"
FX_SK_006_2,月灯のセレン - Seren式・一閃,Trail,0.35,2.3,159,Meshyで核となる立体メッシュ/紋章を生成。粒子、発光、トレイル、ディゾルブ、タイミングはゲームエンジン側で構築。,"original fantasy MOBA VFX mesh, 月灯のセレン - Seren式・一閃, clean silhouette, game-ready, no text, no logo, PBR-friendly"
FX_SK_006_3,月灯のセレン - 星環シフト6,Area,0.53,0.8,176,Meshyで核となる立体メッシュ/紋章を生成。粒子、発光、トレイル、ディゾルブ、タイミングはゲームエンジン側で構築。,"original fantasy MOBA VFX mesh, 月灯のセレン - 星環シフト6, clean silhouette, game-ready, no text, no logo, PBR-friendly"
FX_SK_006_4,月灯のセレン - 境界制圧6,Shield,0.71,1.05,193,Meshyで核となる立体メッシュ/紋章を生成。粒子、発光、トレイル、ディゾルブ、タイミングはゲームエンジン側で構築。,"original fantasy MOBA VFX mesh, 月灯のセレン - 境界制圧6, clean silhouette, game-ready, no text, no logo, PBR-friendly"
FX_SK_006_5,月灯のセレン - 満月灯界,Projectile,0.89,1.3,210,Meshyで核となる立体メッシュ/紋章を生成。粒子、発光、トレイル、ディゾルブ、タイミングはゲームエンジン側で構築。,"original fantasy MOBA VFX mesh, 月灯のセレン - 満月灯界, clean silhouette, game-ready, no text, no logo, PBR-friendly"
FX_SK_007_1,岩脈のガルク - 岩心,Burst,1.07,1.55,227,Meshyで核となる立体メッシュ/紋章を生成。粒子、発光、トレイル、ディゾルブ、タイミングはゲームエンジン側で構築。,"original fantasy MOBA VFX mesh, 岩脈のガルク - 岩心, clean silhouette, game-ready, no text, no logo, PBR-friendly"
FX_SK_007_2,岩脈のガルク - Garruk式・一閃,Trail,1.25,1.8,244,Meshyで核となる立体メッシュ/紋章を生成。粒子、発光、トレイル、ディゾルブ、タイミングはゲームエンジン側で構築。,"original fantasy MOBA VFX mesh, 岩脈のガルク - Garruk式・一閃, clean silhouette, game-ready, no text, no logo, PBR-friendly"
FX_SK_007_3,岩脈のガルク - 星環シフト7,Area,1.43,2.05,261,Meshyで核となる立体メッシュ/紋章を生成。粒子、発光、トレイル、ディゾルブ、タイミングはゲームエンジン側で構築。,"original fantasy MOBA VFX mesh, 岩脈のガルク - 星環シフト7, clean silhouette, game-ready, no text, no logo, PBR-friendly"
FX_SK_007_4,岩脈のガルク - 境界制圧7,Shield,1.61,2.3,278,Meshyで核となる立体メッシュ/紋章を生成。粒子、発光、トレイル、ディゾルブ、タイミングはゲームエンジン側で構築。,"original fantasy MOBA VFX mesh, 岩脈のガルク - 境界制圧7, clean silhouette, game-ready, no text, no logo, PBR-friendly"
FX_SK_007_5,岩脈のガルク - 地脈隆起,Projectile,1.79,0.8,295,Meshyで核となる立体メッシュ/紋章を生成。粒子、発光、トレイル、ディゾルブ、タイミングはゲームエンジン側で構築。,"original fantasy MOBA VFX mesh, 岩脈のガルク - 地脈隆起, clean silhouette, game-ready, no text, no logo, PBR-friendly"
FX_SK_008_1,風標のニア - 追い風,Burst,0.35,1.05,312,Meshyで核となる立体メッシュ/紋章を生成。粒子、発光、トレイル、ディゾルブ、タイミングはゲームエンジン側で構築。,"original fantasy MOBA VFX mesh, 風標のニア - 追い風, clean silhouette, game-ready, no text, no logo, PBR-friendly"
FX_SK_008_2,風標のニア - Nia式・一閃,Trail,0.53,1.3,329,Meshyで核となる立体メッシュ/紋章を生成。粒子、発光、トレイル、ディゾルブ、タイミングはゲームエンジン側で構築。,"original fantasy MOBA VFX mesh, 風標のニア - Nia式・一閃, clean silhouette, game-ready, no text, no logo, PBR-friendly"
FX_SK_008_3,風標のニア - 星環シフト8,Area,0.71,1.55,346,Meshyで核となる立体メッシュ/紋章を生成。粒子、発光、トレイル、ディゾルブ、タイミングはゲームエンジン側で構築。,"original fantasy MOBA VFX mesh, 風標のニア - 星環シフト8, clean silhouette, game-ready, no text, no logo, PBR-friendly"
FX_SK_008_4,風標のニア - 境界制圧8,Shield,0.89,1.8,363,Meshyで核となる立体メッシュ/紋章を生成。粒子、発光、トレイル、ディゾルブ、タイミングはゲームエンジン側で構築。,"original fantasy MOBA VFX mesh, 風標のニア - 境界制圧8, clean silhouette, game-ready, no text, no logo, PBR-friendly"
FX_SK_008_5,風標のニア - 風界標定,Projectile,1.07,2.05,380,Meshyで核となる立体メッシュ/紋章を生成。粒子、発光、トレイル、ディゾルブ、タイミングはゲームエンジン側で構築。,"original fantasy MOBA VFX mesh, 風標のニア - 風界標定, clean silhouette, game-ready, no text, no logo, PBR-friendly"
FX_SK_009_1,機巧士オリン - 過給機構,Burst,1.25,2.3,397,Meshyで核となる立体メッシュ/紋章を生成。粒子、発光、トレイル、ディゾルブ、タイミングはゲームエンジン側で構築。,"original fantasy MOBA VFX mesh, 機巧士オリン - 過給機構, clean silhouette, game-ready, no text, no logo, PBR-friendly"
FX_SK_009_2,機巧士オリン - Orin式・一閃,Trail,1.43,0.8,414,Meshyで核となる立体メッシュ/紋章を生成。粒子、発光、トレイル、ディゾルブ、タイミングはゲームエンジン側で構築。,"original fantasy MOBA VFX mesh, 機巧士オリン - Orin式・一閃, clean silhouette, game-ready, no text, no logo, PBR-friendly"
FX_SK_009_3,機巧士オリン - 星環シフト9,Area,1.61,1.05,431,Meshyで核となる立体メッシュ/紋章を生成。粒子、発光、トレイル、ディゾルブ、タイミングはゲームエンジン側で構築。,"original fantasy MOBA VFX mesh, 機巧士オリン - 星環シフト9, clean silhouette, game-ready, no text, no logo, PBR-friendly"
FX_SK_009_4,機巧士オリン - 境界制圧9,Shield,1.79,1.3,448,Meshyで核となる立体メッシュ/紋章を生成。粒子、発光、トレイル、ディゾルブ、タイミングはゲームエンジン側で構築。,"original fantasy MOBA VFX mesh, 機巧士オリン - 境界制圧9, clean silhouette, game-ready, no text, no logo, PBR-friendly"
FX_SK_009_5,機巧士オリン - 零式過給,Projectile,0.35,1.55,465,Meshyで核となる立体メッシュ/紋章を生成。粒子、発光、トレイル、ディゾルブ、タイミングはゲームエンジン側で構築。,"original fantasy MOBA VFX mesh, 機巧士オリン - 零式過給, clean silhouette, game-ready, no text, no logo, PBR-friendly"
FX_SK_010_1,焔冠のテッサ - 燃焼冠,Burst,0.53,1.8,482,Meshyで核となる立体メッシュ/紋章を生成。粒子、発光、トレイル、ディゾルブ、タイミングはゲームエンジン側で構築。,"original fantasy MOBA VFX mesh, 焔冠のテッサ - 燃焼冠, clean silhouette, game-ready, no text, no logo, PBR-friendly"
FX_SK_010_2,焔冠のテッサ - Thessa式・一閃,Trail,0.71,2.05,499,Meshyで核となる立体メッシュ/紋章を生成。粒子、発光、トレイル、ディゾルブ、タイミングはゲームエンジン側で構築。,"original fantasy MOBA VFX mesh, 焔冠のテッサ - Thessa式・一閃, clean silhouette, game-ready, no text, no logo, PBR-friendly"
FX_SK_010_3,焔冠のテッサ - 星環シフト10,Area,0.89,2.3,516,Meshyで核となる立体メッシュ/紋章を生成。粒子、発光、トレイル、ディゾルブ、タイミングはゲームエンジン側で構築。,"original fantasy MOBA VFX mesh, 焔冠のテッサ - 星環シフト10, clean silhouette, game-ready, no text, no logo, PBR-friendly"
FX_SK_010_4,焔冠のテッサ - 境界制圧10,Shield,1.07,0.8,533,Meshyで核となる立体メッシュ/紋章を生成。粒子、発光、トレイル、ディゾルブ、タイミングはゲームエンジン側で構築。,"original fantasy MOBA VFX mesh, 焔冠のテッサ - 境界制圧10, clean silhouette, game-ready, no text, no logo, PBR-friendly"
FX_SK_010_5,焔冠のテッサ - 焔冠戴天,Projectile,1.25,1.05,130,Meshyで核となる立体メッシュ/紋章を生成。粒子、発光、トレイル、ディゾルブ、タイミングはゲームエンジン側で構築。,"original fantasy MOBA VFX mesh, 焔冠のテッサ - 焔冠戴天, clean silhouette, game-ready, no text, no logo, PBR-friendly"
FX_SK_011_1,鉄翼のルーク - 翼装展開,Burst,1.43,1.3,147,Meshyで核となる立体メッシュ/紋章を生成。粒子、発光、トレイル、ディゾルブ、タイミングはゲームエンジン側で構築。,"original fantasy MOBA VFX mesh, 鉄翼のルーク - 翼装展開, clean silhouette, game-ready, no text, no logo, PBR-friendly"
FX_SK_011_2,鉄翼のルーク - Rook式・一閃,Trail,1.61,1.55,164,Meshyで核となる立体メッシュ/紋章を生成。粒子、発光、トレイル、ディゾルブ、タイミングはゲームエンジン側で構築。,"original fantasy MOBA VFX mesh, 鉄翼のルーク - Rook式・一閃, clean silhouette, game-ready, no text, no logo, PBR-friendly"
FX_SK_011_3,鉄翼のルーク - 星環シフト11,Area,1.79,1.8,181,Meshyで核となる立体メッシュ/紋章を生成。粒子、発光、トレイル、ディゾルブ、タイミングはゲームエンジン側で構築。,"original fantasy MOBA VFX mesh, 鉄翼のルーク - 星環シフト11, clean silhouette, game-ready, no text, no logo, PBR-friendly"
FX_SK_011_4,鉄翼のルーク - 境界制圧11,Shield,0.35,2.05,198,Meshyで核となる立体メッシュ/紋章を生成。粒子、発光、トレイル、ディゾルブ、タイミングはゲームエンジン側で構築。,"original fantasy MOBA VFX mesh, 鉄翼のルーク - 境界制圧11, clean silhouette, game-ready, no text, no logo, PBR-friendly"
FX_SK_011_5,鉄翼のルーク - 鉄翼急襲,Projectile,0.53,2.3,215,Meshyで核となる立体メッシュ/紋章を生成。粒子、発光、トレイル、ディゾルブ、タイミングはゲームエンジン側で構築。,"original fantasy MOBA VFX mesh, 鉄翼のルーク - 鉄翼急襲, clean silhouette, game-ready, no text, no logo, PBR-friendly"
FX_SK_012_1,玻璃歌のエリネ - 共鳴硝子,Burst,0.71,0.8,232,Meshyで核となる立体メッシュ/紋章を生成。粒子、発光、トレイル、ディゾルブ、タイミングはゲームエンジン側で構築。,"original fantasy MOBA VFX mesh, 玻璃歌のエリネ - 共鳴硝子, clean silhouette, game-ready, no text, no logo, PBR-friendly"
FX_SK_012_2,玻璃歌のエリネ - Elyne式・一閃,Trail,0.89,1.05,249,Meshyで核となる立体メッシュ/紋章を生成。粒子、発光、トレイル、ディゾルブ、タイミングはゲームエンジン側で構築。,"original fantasy MOBA VFX mesh, 玻璃歌のエリネ - Elyne式・一閃, clean silhouette, game-ready, no text, no logo, PBR-friendly"
FX_SK_012_3,玻璃歌のエリネ - 星環シフト12,Area,1.07,1.3,266,Meshyで核となる立体メッシュ/紋章を生成。粒子、発光、トレイル、ディゾルブ、タイミングはゲームエンジン側で構築。,"original fantasy MOBA VFX mesh, 玻璃歌のエリネ - 星環シフト12, clean silhouette, game-ready, no text, no logo, PBR-friendly"
FX_SK_012_4,玻璃歌のエリネ - 境界制圧12,Shield,1.25,1.55,283,Meshyで核となる立体メッシュ/紋章を生成。粒子、発光、トレイル、ディゾルブ、タイミングはゲームエンジン側で構築。,"original fantasy MOBA VFX mesh, 玻璃歌のエリネ - 境界制圧12, clean silhouette, game-ready, no text, no logo, PBR-friendly"
FX_SK_012_5,玻璃歌のエリネ - 玻璃大合唱,Projectile,1.43,1.8,300,Meshyで核となる立体メッシュ/紋章を生成。粒子、発光、トレイル、ディゾルブ、タイミングはゲームエンジン側で構築。,"original fantasy MOBA VFX mesh, 玻璃歌のエリネ - 玻璃大合唱, clean silhouette, game-ready, no text, no logo, PBR-friendly"
FX_SK_013_1,獣刻のダガン - 獣性解放,Burst,1.61,2.05,317,Meshyで核となる立体メッシュ/紋章を生成。粒子、発光、トレイル、ディゾルブ、タイミングはゲームエンジン側で構築。,"original fantasy MOBA VFX mesh, 獣刻のダガン - 獣性解放, clean silhouette, game-ready, no text, no logo, PBR-friendly"
FX_SK_013_2,獣刻のダガン - Dagan式・一閃,Trail,1.79,2.3,334,Meshyで核となる立体メッシュ/紋章を生成。粒子、発光、トレイル、ディゾルブ、タイミングはゲームエンジン側で構築。,"original fantasy MOBA VFX mesh, 獣刻のダガン - Dagan式・一閃, clean silhouette, game-ready, no text, no logo, PBR-friendly"
FX_SK_013_3,獣刻のダガン - 星環シフト13,Area,0.35,0.8,351,Meshyで核となる立体メッシュ/紋章を生成。粒子、発光、トレイル、ディゾルブ、タイミングはゲームエンジン側で構築。,"original fantasy MOBA VFX mesh, 獣刻のダガン - 星環シフト13, clean silhouette, game-ready, no text, no logo, PBR-friendly"
FX_SK_013_4,獣刻のダガン - 境界制圧13,Shield,0.53,1.05,368,Meshyで核となる立体メッシュ/紋章を生成。粒子、発光、トレイル、ディゾルブ、タイミングはゲームエンジン側で構築。,"original fantasy MOBA VFX mesh, 獣刻のダガン - 境界制圧13, clean silhouette, game-ready, no text, no logo, PBR-friendly"
FX_SK_013_5,獣刻のダガン - 獣王刻印,Projectile,0.71,1.3,385,Meshyで核となる立体メッシュ/紋章を生成。粒子、発光、トレイル、ディゾルブ、タイミングはゲームエンジン側で構築。,"original fantasy MOBA VFX mesh, 獣刻のダガン - 獣王刻印, clean silhouette, game-ready, no text, no logo, PBR-friendly"
FX_SK_014_1,霧歩のシオ - 薄霧,Burst,0.89,1.55,402,Meshyで核となる立体メッシュ/紋章を生成。粒子、発光、トレイル、ディゾルブ、タイミングはゲームエンジン側で構築。,"original fantasy MOBA VFX mesh, 霧歩のシオ - 薄霧, clean silhouette, game-ready, no text, no logo, PBR-friendly"
FX_SK_014_2,霧歩のシオ - Sio式・一閃,Trail,1.07,1.8,419,Meshyで核となる立体メッシュ/紋章を生成。粒子、発光、トレイル、ディゾルブ、タイミングはゲームエンジン側で構築。,"original fantasy MOBA VFX mesh, 霧歩のシオ - Sio式・一閃, clean silhouette, game-ready, no text, no logo, PBR-friendly"
FX_SK_014_3,霧歩のシオ - 星環シフト14,Area,1.25,2.05,436,Meshyで核となる立体メッシュ/紋章を生成。粒子、発光、トレイル、ディゾルブ、タイミングはゲームエンジン側で構築。,"original fantasy MOBA VFX mesh, 霧歩のシオ - 星環シフト14, clean silhouette, game-ready, no text, no logo, PBR-friendly"
FX_SK_014_4,霧歩のシオ - 境界制圧14,Shield,1.43,2.3,453,Meshyで核となる立体メッシュ/紋章を生成。粒子、発光、トレイル、ディゾルブ、タイミングはゲームエンジン側で構築。,"original fantasy MOBA VFX mesh, 霧歩のシオ - 境界制圧14, clean silhouette, game-ready, no text, no logo, PBR-friendly"
FX_SK_014_5,霧歩のシオ - 霧界歩法,Projectile,1.61,0.8,470,Meshyで核となる立体メッシュ/紋章を生成。粒子、発光、トレイル、ディゾルブ、タイミングはゲームエンジン側で構築。,"original fantasy MOBA VFX mesh, 霧歩のシオ - 霧界歩法, clean silhouette, game-ready, no text, no logo, PBR-friendly"
FX_SK_015_1,戦鐘のヴァルカ - 戦意共鳴,Burst,1.79,1.05,487,Meshyで核となる立体メッシュ/紋章を生成。粒子、発光、トレイル、ディゾルブ、タイミングはゲームエンジン側で構築。,"original fantasy MOBA VFX mesh, 戦鐘のヴァルカ - 戦意共鳴, clean silhouette, game-ready, no text, no logo, PBR-friendly"
FX_SK_015_2,戦鐘のヴァルカ - Valka式・一閃,Trail,0.35,1.3,504,Meshyで核となる立体メッシュ/紋章を生成。粒子、発光、トレイル、ディゾルブ、タイミングはゲームエンジン側で構築。,"original fantasy MOBA VFX mesh, 戦鐘のヴァルカ - Valka式・一閃, clean silhouette, game-ready, no text, no logo, PBR-friendly"
FX_SK_015_3,戦鐘のヴァルカ - 星環シフト15,Area,0.53,1.55,521,Meshyで核となる立体メッシュ/紋章を生成。粒子、発光、トレイル、ディゾルブ、タイミングはゲームエンジン側で構築。,"original fantasy MOBA VFX mesh, 戦鐘のヴァルカ - 星環シフト15, clean silhouette, game-ready, no text, no logo, PBR-friendly"
FX_SK_015_4,戦鐘のヴァルカ - 境界制圧15,Shield,0.71,1.8,538,Meshyで核となる立体メッシュ/紋章を生成。粒子、発光、トレイル、ディゾルブ、タイミングはゲームエンジン側で構築。,"original fantasy MOBA VFX mesh, 戦鐘のヴァルカ - 境界制圧15, clean silhouette, game-ready, no text, no logo, PBR-friendly"
FX_SK_015_5,戦鐘のヴァルカ - 終戦の鐘,Projectile,0.89,2.05,135,Meshyで核となる立体メッシュ/紋章を生成。粒子、発光、トレイル、ディゾルブ、タイミングはゲームエンジン側で構築。,"original fantasy MOBA VFX mesh, 戦鐘のヴァルカ - 終戦の鐘, clean silhouette, game-ready, no text, no logo, PBR-friendly"
FX_SK_016_1,白環のイリス - 白環結界,Burst,1.07,2.3,152,Meshyで核となる立体メッシュ/紋章を生成。粒子、発光、トレイル、ディゾルブ、タイミングはゲームエンジン側で構築。,"original fantasy MOBA VFX mesh, 白環のイリス - 白環結界, clean silhouette, game-ready, no text, no logo, PBR-friendly"
FX_SK_016_2,白環のイリス - Iris式・一閃,Trail,1.25,0.8,169,Meshyで核となる立体メッシュ/紋章を生成。粒子、発光、トレイル、ディゾルブ、タイミングはゲームエンジン側で構築。,"original fantasy MOBA VFX mesh, 白環のイリス - Iris式・一閃, clean silhouette, game-ready, no text, no logo, PBR-friendly"
FX_SK_016_3,白環のイリス - 星環シフト16,Area,1.43,1.05,186,Meshyで核となる立体メッシュ/紋章を生成。粒子、発光、トレイル、ディゾルブ、タイミングはゲームエンジン側で構築。,"original fantasy MOBA VFX mesh, 白環のイリス - 星環シフト16, clean silhouette, game-ready, no text, no logo, PBR-friendly"
FX_SK_016_4,白環のイリス - 境界制圧16,Shield,1.61,1.3,203,Meshyで核となる立体メッシュ/紋章を生成。粒子、発光、トレイル、ディゾルブ、タイミングはゲームエンジン側で構築。,"original fantasy MOBA VFX mesh, 白環のイリス - 境界制圧16, clean silhouette, game-ready, no text, no logo, PBR-friendly"
FX_SK_016_5,白環のイリス - 白環再生,Projectile,1.79,1.55,220,Meshyで核となる立体メッシュ/紋章を生成。粒子、発光、トレイル、ディゾルブ、タイミングはゲームエンジン側で構築。,"original fantasy MOBA VFX mesh, 白環のイリス - 白環再生, clean silhouette, game-ready, no text, no logo, PBR-friendly"
FX_SK_017_1,深淵鎖のモルド - 深鎖,Burst,0.35,1.8,237,Meshyで核となる立体メッシュ/紋章を生成。粒子、発光、トレイル、ディゾルブ、タイミングはゲームエンジン側で構築。,"original fantasy MOBA VFX mesh, 深淵鎖のモルド - 深鎖, clean silhouette, game-ready, no text, no logo, PBR-friendly"
FX_SK_017_2,深淵鎖のモルド - Mord式・一閃,Trail,0.53,2.05,254,Meshyで核となる立体メッシュ/紋章を生成。粒子、発光、トレイル、ディゾルブ、タイミングはゲームエンジン側で構築。,"original fantasy MOBA VFX mesh, 深淵鎖のモルド - Mord式・一閃, clean silhouette, game-ready, no text, no logo, PBR-friendly"
FX_SK_017_3,深淵鎖のモルド - 星環シフト17,Area,0.71,2.3,271,Meshyで核となる立体メッシュ/紋章を生成。粒子、発光、トレイル、ディゾルブ、タイミングはゲームエンジン側で構築。,"original fantasy MOBA VFX mesh, 深淵鎖のモルド - 星環シフト17, clean silhouette, game-ready, no text, no logo, PBR-friendly"
FX_SK_017_4,深淵鎖のモルド - 境界制圧17,Shield,0.89,0.8,288,Meshyで核となる立体メッシュ/紋章を生成。粒子、発光、トレイル、ディゾルブ、タイミングはゲームエンジン側で構築。,"original fantasy MOBA VFX mesh, 深淵鎖のモルド - 境界制圧17, clean silhouette, game-ready, no text, no logo, PBR-friendly"
FX_SK_017_5,深淵鎖のモルド - 深淵拘束,Projectile,1.07,1.05,305,Meshyで核となる立体メッシュ/紋章を生成。粒子、発光、トレイル、ディゾルブ、タイミングはゲームエンジン側で構築。,"original fantasy MOBA VFX mesh, 深淵鎖のモルド - 深淵拘束, clean silhouette, game-ready, no text, no logo, PBR-friendly"
FX_SK_018_1,花星のセリア - 花星循環,Burst,1.25,1.3,322,Meshyで核となる立体メッシュ/紋章を生成。粒子、発光、トレイル、ディゾルブ、タイミングはゲームエンジン側で構築。,"original fantasy MOBA VFX mesh, 花星のセリア - 花星循環, clean silhouette, game-ready, no text, no logo, PBR-friendly"
FX_SK_018_2,花星のセリア - Celia式・一閃,Trail,1.43,1.55,339,Meshyで核となる立体メッシュ/紋章を生成。粒子、発光、トレイル、ディゾルブ、タイミングはゲームエンジン側で構築。,"original fantasy MOBA VFX mesh, 花星のセリア - Celia式・一閃, clean silhouette, game-ready, no text, no logo, PBR-friendly"
FX_SK_018_3,花星のセリア - 星環シフト18,Area,1.61,1.8,356,Meshyで核となる立体メッシュ/紋章を生成。粒子、発光、トレイル、ディゾルブ、タイミングはゲームエンジン側で構築。,"original fantasy MOBA VFX mesh, 花星のセリア - 星環シフト18, clean silhouette, game-ready, no text, no logo, PBR-friendly"
FX_SK_018_4,花星のセリア - 境界制圧18,Shield,1.79,2.05,373,Meshyで核となる立体メッシュ/紋章を生成。粒子、発光、トレイル、ディゾルブ、タイミングはゲームエンジン側で構築。,"original fantasy MOBA VFX mesh, 花星のセリア - 境界制圧18, clean silhouette, game-ready, no text, no logo, PBR-friendly"
FX_SK_018_5,花星のセリア - 花星満開,Projectile,0.35,2.3,390,Meshyで核となる立体メッシュ/紋章を生成。粒子、発光、トレイル、ディゾルブ、タイミングはゲームエンジン側で構築。,"original fantasy MOBA VFX mesh, 花星のセリア - 花星満開, clean silhouette, game-ready, no text, no logo, PBR-friendly"
FX_SK_019_1,砦砕のブラム - 破城衝動,Burst,0.53,0.8,407,Meshyで核となる立体メッシュ/紋章を生成。粒子、発光、トレイル、ディゾルブ、タイミングはゲームエンジン側で構築。,"original fantasy MOBA VFX mesh, 砦砕のブラム - 破城衝動, clean silhouette, game-ready, no text, no logo, PBR-friendly"
FX_SK_019_2,砦砕のブラム - Bram式・一閃,Trail,0.71,1.05,424,Meshyで核となる立体メッシュ/紋章を生成。粒子、発光、トレイル、ディゾルブ、タイミングはゲームエンジン側で構築。,"original fantasy MOBA VFX mesh, 砦砕のブラム - Bram式・一閃, clean silhouette, game-ready, no text, no logo, PBR-friendly"
FX_SK_019_3,砦砕のブラム - 星環シフト19,Area,0.89,1.3,441,Meshyで核となる立体メッシュ/紋章を生成。粒子、発光、トレイル、ディゾルブ、タイミングはゲームエンジン側で構築。,"original fantasy MOBA VFX mesh, 砦砕のブラム - 星環シフト19, clean silhouette, game-ready, no text, no logo, PBR-friendly"
FX_SK_019_4,砦砕のブラム - 境界制圧19,Shield,1.07,1.55,458,Meshyで核となる立体メッシュ/紋章を生成。粒子、発光、トレイル、ディゾルブ、タイミングはゲームエンジン側で構築。,"original fantasy MOBA VFX mesh, 砦砕のブラム - 境界制圧19, clean silhouette, game-ready, no text, no logo, PBR-friendly"
FX_SK_019_5,砦砕のブラム - 城壁崩し,Projectile,1.25,1.8,475,Meshyで核となる立体メッシュ/紋章を生成。粒子、発光、トレイル、ディゾルブ、タイミングはゲームエンジン側で構築。,"original fantasy MOBA VFX mesh, 砦砕のブラム - 城壁崩し, clean silhouette, game-ready, no text, no logo, PBR-friendly"
FX_SK_020_1,光矢のユナ - 光標,Burst,1.43,2.05,492,Meshyで核となる立体メッシュ/紋章を生成。粒子、発光、トレイル、ディゾルブ、タイミングはゲームエンジン側で構築。,"original fantasy MOBA VFX mesh, 光矢のユナ - 光標, clean silhouette, game-ready, no text, no logo, PBR-friendly"
FX_SK_020_2,光矢のユナ - Yuna式・一閃,Trail,1.61,2.3,509,Meshyで核となる立体メッシュ/紋章を生成。粒子、発光、トレイル、ディゾルブ、タイミングはゲームエンジン側で構築。,"original fantasy MOBA VFX mesh, 光矢のユナ - Yuna式・一閃, clean silhouette, game-ready, no text, no logo, PBR-friendly"
FX_SK_020_3,光矢のユナ - 星環シフト20,Area,1.79,0.8,526,Meshyで核となる立体メッシュ/紋章を生成。粒子、発光、トレイル、ディゾルブ、タイミングはゲームエンジン側で構築。,"original fantasy MOBA VFX mesh, 光矢のユナ - 星環シフト20, clean silhouette, game-ready, no text, no logo, PBR-friendly"
FX_SK_020_4,光矢のユナ - 境界制圧20,Shield,0.35,1.05,123,Meshyで核となる立体メッシュ/紋章を生成。粒子、発光、トレイル、ディゾルブ、タイミングはゲームエンジン側で構築。,"original fantasy MOBA VFX mesh, 光矢のユナ - 境界制圧20, clean silhouette, game-ready, no text, no logo, PBR-friendly"
FX_SK_020_5,光矢のユナ - 光矢流星,Projectile,0.53,1.3,140,Meshyで核となる立体メッシュ/紋章を生成。粒子、発光、トレイル、ディゾルブ、タイミングはゲームエンジン側で構築。,"original fantasy MOBA VFX mesh, 光矢のユナ - 光矢流星, clean silhouette, game-ready, no text, no logo, PBR-friendly"
FX_SK_021_1,時砂のキロス - 時砂残響,Burst,0.71,1.55,157,Meshyで核となる立体メッシュ/紋章を生成。粒子、発光、トレイル、ディゾルブ、タイミングはゲームエンジン側で構築。,"original fantasy MOBA VFX mesh, 時砂のキロス - 時砂残響, clean silhouette, game-ready, no text, no logo, PBR-friendly"
FX_SK_021_2,時砂のキロス - Kiros式・一閃,Trail,0.89,1.8,174,Meshyで核となる立体メッシュ/紋章を生成。粒子、発光、トレイル、ディゾルブ、タイミングはゲームエンジン側で構築。,"original fantasy MOBA VFX mesh, 時砂のキロス - Kiros式・一閃, clean silhouette, game-ready, no text, no logo, PBR-friendly"
FX_SK_021_3,時砂のキロス - 星環シフト21,Area,1.07,2.05,191,Meshyで核となる立体メッシュ/紋章を生成。粒子、発光、トレイル、ディゾルブ、タイミングはゲームエンジン側で構築。,"original fantasy MOBA VFX mesh, 時砂のキロス - 星環シフト21, clean silhouette, game-ready, no text, no logo, PBR-friendly"
FX_SK_021_4,時砂のキロス - 境界制圧21,Shield,1.25,2.3,208,Meshyで核となる立体メッシュ/紋章を生成。粒子、発光、トレイル、ディゾルブ、タイミングはゲームエンジン側で構築。,"original fantasy MOBA VFX mesh, 時砂のキロス - 境界制圧21, clean silhouette, game-ready, no text, no logo, PBR-friendly"
FX_SK_021_5,時砂のキロス - 時砂逆転,Projectile,1.43,0.8,225,Meshyで核となる立体メッシュ/紋章を生成。粒子、発光、トレイル、ディゾルブ、タイミングはゲームエンジン側で構築。,"original fantasy MOBA VFX mesh, 時砂のキロス - 時砂逆転, clean silhouette, game-ready, no text, no logo, PBR-friendly"
FX_SK_022_1,蒼爪のレア - 蒼爪連舞,Burst,1.61,1.05,242,Meshyで核となる立体メッシュ/紋章を生成。粒子、発光、トレイル、ディゾルブ、タイミングはゲームエンジン側で構築。,"original fantasy MOBA VFX mesh, 蒼爪のレア - 蒼爪連舞, clean silhouette, game-ready, no text, no logo, PBR-friendly"
FX_SK_022_2,蒼爪のレア - Rhea式・一閃,Trail,1.79,1.3,259,Meshyで核となる立体メッシュ/紋章を生成。粒子、発光、トレイル、ディゾルブ、タイミングはゲームエンジン側で構築。,"original fantasy MOBA VFX mesh, 蒼爪のレア - Rhea式・一閃, clean silhouette, game-ready, no text, no logo, PBR-friendly"
FX_SK_022_3,蒼爪のレア - 星環シフト22,Area,0.35,1.55,276,Meshyで核となる立体メッシュ/紋章を生成。粒子、発光、トレイル、ディゾルブ、タイミングはゲームエンジン側で構築。,"original fantasy MOBA VFX mesh, 蒼爪のレア - 星環シフト22, clean silhouette, game-ready, no text, no logo, PBR-friendly"
FX_SK_022_4,蒼爪のレア - 境界制圧22,Shield,0.53,1.8,293,Meshyで核となる立体メッシュ/紋章を生成。粒子、発光、トレイル、ディゾルブ、タイミングはゲームエンジン側で構築。,"original fantasy MOBA VFX mesh, 蒼爪のレア - 境界制圧22, clean silhouette, game-ready, no text, no logo, PBR-friendly"
FX_SK_022_5,蒼爪のレア - 蒼爪月輪,Projectile,0.71,2.05,310,Meshyで核となる立体メッシュ/紋章を生成。粒子、発光、トレイル、ディゾルブ、タイミングはゲームエンジン側で構築。,"original fantasy MOBA VFX mesh, 蒼爪のレア - 蒼爪月輪, clean silhouette, game-ready, no text, no logo, PBR-friendly"
FX_SK_023_1,雷槍のトレン - 帯電槍,Burst,0.89,2.3,327,Meshyで核となる立体メッシュ/紋章を生成。粒子、発光、トレイル、ディゾルブ、タイミングはゲームエンジン側で構築。,"original fantasy MOBA VFX mesh, 雷槍のトレン - 帯電槍, clean silhouette, game-ready, no text, no logo, PBR-friendly"
FX_SK_023_2,雷槍のトレン - Toren式・一閃,Trail,1.07,0.8,344,Meshyで核となる立体メッシュ/紋章を生成。粒子、発光、トレイル、ディゾルブ、タイミングはゲームエンジン側で構築。,"original fantasy MOBA VFX mesh, 雷槍のトレン - Toren式・一閃, clean silhouette, game-ready, no text, no logo, PBR-friendly"
FX_SK_023_3,雷槍のトレン - 星環シフト23,Area,1.25,1.05,361,Meshyで核となる立体メッシュ/紋章を生成。粒子、発光、トレイル、ディゾルブ、タイミングはゲームエンジン側で構築。,"original fantasy MOBA VFX mesh, 雷槍のトレン - 星環シフト23, clean silhouette, game-ready, no text, no logo, PBR-friendly"
FX_SK_023_4,雷槍のトレン - 境界制圧23,Shield,1.43,1.3,378,Meshyで核となる立体メッシュ/紋章を生成。粒子、発光、トレイル、ディゾルブ、タイミングはゲームエンジン側で構築。,"original fantasy MOBA VFX mesh, 雷槍のトレン - 境界制圧23, clean silhouette, game-ready, no text, no logo, PBR-friendly"
FX_SK_023_5,雷槍のトレン - 雷槍天穿,Projectile,1.61,1.55,395,Meshyで核となる立体メッシュ/紋章を生成。粒子、発光、トレイル、ディゾルブ、タイミングはゲームエンジン側で構築。,"original fantasy MOBA VFX mesh, 雷槍のトレン - 雷槍天穿, clean silhouette, game-ready, no text, no logo, PBR-friendly"
FX_SK_024_1,夢織のノア - 夢糸,Burst,1.79,1.8,412,Meshyで核となる立体メッシュ/紋章を生成。粒子、発光、トレイル、ディゾルブ、タイミングはゲームエンジン側で構築。,"original fantasy MOBA VFX mesh, 夢織のノア - 夢糸, clean silhouette, game-ready, no text, no logo, PBR-friendly"
FX_SK_024_2,夢織のノア - Noa式・一閃,Trail,0.35,2.05,429,Meshyで核となる立体メッシュ/紋章を生成。粒子、発光、トレイル、ディゾルブ、タイミングはゲームエンジン側で構築。,"original fantasy MOBA VFX mesh, 夢織のノア - Noa式・一閃, clean silhouette, game-ready, no text, no logo, PBR-friendly"
FX_SK_024_3,夢織のノア - 星環シフト24,Area,0.53,2.3,446,Meshyで核となる立体メッシュ/紋章を生成。粒子、発光、トレイル、ディゾルブ、タイミングはゲームエンジン側で構築。,"original fantasy MOBA VFX mesh, 夢織のノア - 星環シフト24, clean silhouette, game-ready, no text, no logo, PBR-friendly"
FX_SK_024_4,夢織のノア - 境界制圧24,Shield,0.71,0.8,463,Meshyで核となる立体メッシュ/紋章を生成。粒子、発光、トレイル、ディゾルブ、タイミングはゲームエンジン側で構築。,"original fantasy MOBA VFX mesh, 夢織のノア - 境界制圧24, clean silhouette, game-ready, no text, no logo, PBR-friendly"
FX_SK_024_5,夢織のノア - 夢界縫合,Projectile,0.89,1.05,480,Meshyで核となる立体メッシュ/紋章を生成。粒子、発光、トレイル、ディゾルブ、タイミングはゲームエンジン側で構築。,"original fantasy MOBA VFX mesh, 夢織のノア - 夢界縫合, clean silhouette, game-ready, no text, no logo, PBR-friendly"
FX_COMMON_01,共通演出1,Burst,1.07,1.3,497,Meshyで核となる立体メッシュ/紋章を生成。粒子、発光、トレイル、ディゾルブ、タイミングはゲームエンジン側で構築。,"original fantasy MOBA VFX mesh, 共通演出1, clean silhouette, game-ready, no text, no logo, PBR-friendly"
FX_COMMON_02,共通演出2,Trail,1.25,1.55,514,Meshyで核となる立体メッシュ/紋章を生成。粒子、発光、トレイル、ディゾルブ、タイミングはゲームエンジン側で構築。,"original fantasy MOBA VFX mesh, 共通演出2, clean silhouette, game-ready, no text, no logo, PBR-friendly"
FX_COMMON_03,共通演出3,Area,1.43,1.8,531,Meshyで核となる立体メッシュ/紋章を生成。粒子、発光、トレイル、ディゾルブ、タイミングはゲームエンジン側で構築。,"original fantasy MOBA VFX mesh, 共通演出3, clean silhouette, game-ready, no text, no logo, PBR-friendly"
FX_COMMON_04,共通演出4,Shield,1.61,2.05,128,Meshyで核となる立体メッシュ/紋章を生成。粒子、発光、トレイル、ディゾルブ、タイミングはゲームエンジン側で構築。,"original fantasy MOBA VFX mesh, 共通演出4, clean silhouette, game-ready, no text, no logo, PBR-friendly"
