item_id,name_ja,category,tier,price_gold,attack,ability_power,hp,armor,magic_resist,move_speed,cooldown_reduction_pct,passive_name,passive_text,build_from
EQ001,黎明の短剣・01,Attack,1,337,15,0,0,0,0,0,0,固有効果01,戦闘状況に応じて6%相当の補助効果を付与。同名固有パッシブは重複しない。,[]
EQ002,残響の長剣・02,Magic,1,374,0,28,0,0,0,0,10,固有効果02,戦闘状況に応じて7%相当の補助効果を付与。同名固有パッシブは重複しない。,[]
EQ003,星鉄の弓・03,Defense,1,411,0,0,273,18,22,0,0,固有効果03,戦闘状況に応じて8%相当の補助効果を付与。同名固有パッシブは重複しない。,[]
EQ004,深海の杖・04,Movement,1,448,0,0,0,0,0,32,0,固有効果04,戦闘状況に応じて9%相当の補助効果を付与。同名固有パッシブは重複しない。,[]
EQ005,烈火の護符・05,Utility,1,305,0,0,335,0,0,0,5,固有効果05,戦闘状況に応じて10%相当の補助効果を付与。同名固有パッシブは重複しない。,[]
EQ006,静謐の鎧・06,Jungle,1,342,0,0,0,0,0,0,0,固有効果06,戦闘状況に応じて11%相当の補助効果を付与。同名固有パッシブは重複しない。,[]
EQ007,雷鳴の短剣・07,Attack,1,379,33,0,0,0,0,0,0,固有効果07,戦闘状況に応じて12%相当の補助効果を付与。同名固有パッシブは重複しない。,[]
EQ008,月影の長剣・08,Magic,1,416,0,58,0,0,0,0,0,固有効果08,戦闘状況に応じて13%相当の補助効果を付与。同名固有パッシブは重複しない。,[]
EQ009,守護の弓・09,Defense,1,453,0,0,459,30,12,0,0,固有効果09,戦闘状況に応じて14%相当の補助効果を付与。同名固有パッシブは重複しない。,[]
EQ010,疾風の杖・10,Movement,1,310,0,0,0,0,0,50,0,固有効果10,戦闘状況に応じて15%相当の補助効果を付与。同名固有パッシブは重複しない。,[]
EQ011,霊樹の護符・11,Utility,1,347,0,0,521,0,0,0,15,固有効果11,戦闘状況に応じて5%相当の補助効果を付与。同名固有パッシブは重複しない。,[]
EQ012,虚空の鎧・12,Jungle,1,384,0,0,0,0,0,0,0,固有効果12,戦闘状況に応じて6%相当の補助効果を付与。同名固有パッシブは重複しない。,[]
EQ013,黎明の短剣・13,Attack,1,421,13,0,0,0,0,0,0,固有効果13,戦闘状況に応じて7%相当の補助効果を付与。同名固有パッシブは重複しない。,[]
EQ014,残響の長剣・14,Magic,1,458,0,36,0,0,0,0,10,固有効果14,戦闘状況に応じて8%相当の補助効果を付与。同名固有パッシブは重複しない。,[]
EQ015,星鉄の弓・15,Defense,1,315,0,0,645,42,36,0,0,固有効果15,戦闘状況に応じて9%相当の補助効果を付与。同名固有パッシブは重複しない。,[]
EQ016,深海の杖・16,Movement,1,352,0,0,0,0,0,33,0,固有効果16,戦闘状況に応じて10%相当の補助効果を付与。同名固有パッシブは重複しない。,[]
EQ017,烈火の護符・17,Utility,1,389,0,0,187,0,0,0,5,固有効果17,戦闘状況に応じて11%相当の補助効果を付与。同名固有パッシブは重複しない。,[]
EQ018,静謐の鎧・18,Jungle,1,426,0,0,0,0,0,0,0,固有効果18,戦闘状況に応じて12%相当の補助効果を付与。同名固有パッシブは重複しない。,[]
EQ019,雷鳴の短剣・19,Attack,2,993,31,0,0,0,0,0,0,固有効果19,戦闘状況に応じて13%相当の補助効果を付与。同名固有パッシブは重複しない。,"[""EQ003"", ""EQ009""]"
EQ020,月影の長剣・20,Magic,2,670,0,66,0,0,0,0,0,固有効果20,戦闘状況に応じて14%相当の補助効果を付与。同名固有パッシブは重複しない。,"[""EQ005"", ""EQ012""]"
EQ021,守護の弓・21,Defense,2,707,0,0,311,18,26,0,0,固有効果21,戦闘状況に応じて15%相当の補助効果を付与。同名固有パッシブは重複しない。,"[""EQ007"", ""EQ015""]"
EQ022,疾風の杖・22,Movement,2,744,0,0,0,0,0,51,0,固有効果22,戦闘状況に応じて5%相当の補助効果を付与。同名固有パッシブは重複しない。,"[""EQ009"", ""EQ018""]"
EQ023,霊樹の護符・23,Utility,2,781,0,0,373,0,0,0,15,固有効果23,戦闘状況に応じて6%相当の補助効果を付与。同名固有パッシブは重複しない。,"[""EQ011"", ""EQ003""]"
EQ024,虚空の鎧・24,Jungle,2,818,0,0,0,0,0,0,0,固有効果24,戦闘状況に応じて7%相当の補助効果を付与。同名固有パッシブは重複しない。,"[""EQ013"", ""EQ006""]"
EQ025,黎明の短剣・25,Attack,2,855,49,0,0,0,0,0,0,固有効果25,戦闘状況に応じて8%相当の補助効果を付与。同名固有パッシブは重複しない。,"[""EQ015"", ""EQ009""]"
EQ026,残響の長剣・26,Magic,2,892,0,44,0,0,0,0,10,固有効果26,戦闘状況に応じて9%相当の補助効果を付与。同名固有パッシブは重複しない。,"[""EQ017"", ""EQ012""]"
EQ027,星鉄の弓・27,Defense,2,929,0,0,497,30,16,0,0,固有効果27,戦闘状況に応じて10%相当の補助効果を付与。同名固有パッシブは重複しない。,"[""EQ001"", ""EQ015""]"
EQ028,深海の杖・28,Movement,2,966,0,0,0,0,0,34,0,固有効果28,戦闘状況に応じて11%相当の補助効果を付与。同名固有パッシブは重複しない。,"[""EQ003"", ""EQ018""]"
EQ029,烈火の護符・29,Utility,2,1003,0,0,559,0,0,0,5,固有効果29,戦闘状況に応じて12%相当の補助効果を付与。同名固有パッシブは重複しない。,"[""EQ005"", ""EQ003""]"
EQ030,静謐の鎧・30,Jungle,2,680,0,0,0,0,0,0,0,固有効果30,戦闘状況に応じて13%相当の補助効果を付与。同名固有パッシブは重複しない。,"[""EQ007"", ""EQ006""]"
EQ031,雷鳴の短剣・31,Attack,2,717,29,0,0,0,0,0,0,固有効果31,戦闘状況に応じて14%相当の補助効果を付与。同名固有パッシブは重複しない。,"[""EQ009"", ""EQ009""]"
EQ032,月影の長剣・32,Magic,2,754,0,22,0,0,0,0,0,固有効果32,戦闘状況に応じて15%相当の補助効果を付与。同名固有パッシブは重複しない。,"[""EQ011"", ""EQ012""]"
EQ033,守護の弓・33,Defense,2,791,0,0,683,42,40,0,0,固有効果33,戦闘状況に応じて5%相当の補助効果を付与。同名固有パッシブは重複しない。,"[""EQ013"", ""EQ015""]"
EQ034,疾風の杖・34,Movement,2,828,0,0,0,0,0,52,0,固有効果34,戦闘状況に応じて6%相当の補助効果を付与。同名固有パッシブは重複しない。,"[""EQ015"", ""EQ018""]"
EQ035,霊樹の護符・35,Utility,2,865,0,0,225,0,0,0,15,固有効果35,戦闘状況に応じて7%相当の補助効果を付与。同名固有パッシブは重複しない。,"[""EQ017"", ""EQ003""]"
EQ036,虚空の鎧・36,Jungle,2,902,0,0,0,0,0,0,0,固有効果36,戦闘状況に応じて8%相当の補助効果を付与。同名固有パッシブは重複しない。,"[""EQ001"", ""EQ006""]"
EQ037,黎明の短剣・37,Attack,2,939,47,0,0,0,0,0,0,固有効果37,戦闘状況に応じて9%相当の補助効果を付与。同名固有パッシブは重複しない。,"[""EQ003"", ""EQ009""]"
EQ038,残響の長剣・38,Magic,2,976,0,52,0,0,0,0,10,固有効果38,戦闘状況に応じて10%相当の補助効果を付与。同名固有パッシブは重複しない。,"[""EQ005"", ""EQ012""]"
EQ039,星鉄の弓・39,Defense,2,653,0,0,349,18,30,0,0,固有効果39,戦闘状況に応じて11%相当の補助効果を付与。同名固有パッシブは重複しない。,"[""EQ007"", ""EQ015""]"
EQ040,深海の杖・40,Movement,2,690,0,0,0,0,0,35,0,固有効果40,戦闘状況に応じて12%相当の補助効果を付与。同名固有パッシブは重複しない。,"[""EQ009"", ""EQ018""]"
EQ041,烈火の護符・41,Utility,2,727,0,0,411,0,0,0,5,固有効果41,戦闘状況に応じて13%相当の補助効果を付与。同名固有パッシブは重複しない。,"[""EQ011"", ""EQ003""]"
EQ042,静謐の鎧・42,Jungle,2,764,0,0,0,0,0,0,0,固有効果42,戦闘状況に応じて14%相当の補助効果を付与。同名固有パッシブは重複しない。,"[""EQ013"", ""EQ006""]"
EQ043,帰還核の護符,Attack,3,1331,27,0,0,0,0,0,0,固有効果43,戦闘状況に応じて15%相当の補助効果を付与。同名固有パッシブは重複しない。,"[""EQ015"", ""EQ009""]"
EQ044,月影の長剣・44,Magic,3,1368,0,30,0,0,0,0,0,固有効果44,戦闘状況に応じて5%相当の補助効果を付与。同名固有パッシブは重複しない。,"[""EQ017"", ""EQ012""]"
EQ045,守護の弓・45,Defense,3,1405,0,0,535,30,20,0,0,固有効果45,戦闘状況に応じて6%相当の補助効果を付与。同名固有パッシブは重複しない。,"[""EQ001"", ""EQ015""]"
EQ046,疾風の杖・46,Movement,3,1442,0,0,0,0,0,53,0,固有効果46,戦闘状況に応じて7%相当の補助効果を付与。同名固有パッシブは重複しない。,"[""EQ003"", ""EQ018""]"
EQ047,霊樹の護符・47,Utility,3,1479,0,0,597,0,0,0,15,固有効果47,戦闘状況に応じて8%相当の補助効果を付与。同名固有パッシブは重複しない。,"[""EQ005"", ""EQ003""]"
EQ048,虚空の鎧・48,Jungle,3,1516,0,0,0,0,0,0,0,固有効果48,戦闘状況に応じて9%相当の補助効果を付与。同名固有パッシブは重複しない。,"[""EQ007"", ""EQ006""]"
EQ049,黎明の短剣・49,Attack,3,1553,45,0,0,0,0,0,0,固有効果49,戦闘状況に応じて10%相当の補助効果を付与。同名固有パッシブは重複しない。,"[""EQ009"", ""EQ009""]"
EQ050,残響の長剣・50,Magic,3,1590,0,60,0,0,0,0,10,固有効果50,戦闘状況に応じて11%相当の補助効果を付与。同名固有パッシブは重複しない。,"[""EQ011"", ""EQ012""]"
EQ051,星鉄の弓・51,Defense,3,1627,0,0,201,42,10,0,0,固有効果51,戦闘状況に応じて12%相当の補助効果を付与。同名固有パッシブは重複しない。,"[""EQ013"", ""EQ015""]"
EQ052,深海の杖・52,Movement,3,1664,0,0,0,0,0,36,0,固有効果52,戦闘状況に応じて13%相当の補助効果を付与。同名固有パッシブは重複しない。,"[""EQ015"", ""EQ018""]"
EQ053,烈火の護符・53,Utility,3,1701,0,0,263,0,0,0,5,固有効果53,戦闘状況に応じて14%相当の補助効果を付与。同名固有パッシブは重複しない。,"[""EQ017"", ""EQ003""]"
EQ054,静謐の鎧・54,Jungle,3,1738,0,0,0,0,0,0,0,固有効果54,戦闘状況に応じて15%相当の補助効果を付与。同名固有パッシブは重複しない。,"[""EQ001"", ""EQ006""]"
EQ055,雷鳴の短剣・55,Attack,3,1775,25,0,0,0,0,0,0,固有効果55,戦闘状況に応じて5%相当の補助効果を付与。同名固有パッシブは重複しない。,"[""EQ003"", ""EQ009""]"
EQ056,月影の長剣・56,Magic,3,1812,0,38,0,0,0,0,0,固有効果56,戦闘状況に応じて6%相当の補助効果を付与。同名固有パッシブは重複しない。,"[""EQ005"", ""EQ012""]"
EQ057,守護の弓・57,Defense,3,1849,0,0,387,18,34,0,0,固有効果57,戦闘状況に応じて7%相当の補助効果を付与。同名固有パッシブは重複しない。,"[""EQ007"", ""EQ015""]"
EQ058,疾風の杖・58,Movement,3,1886,0,0,0,0,0,54,0,固有効果58,戦闘状況に応じて8%相当の補助効果を付与。同名固有パッシブは重複しない。,"[""EQ009"", ""EQ018""]"
EQ059,霊樹の護符・59,Utility,3,1203,0,0,449,0,0,0,15,固有効果59,戦闘状況に応じて9%相当の補助効果を付与。同名固有パッシブは重複しない。,"[""EQ011"", ""EQ003""]"
EQ060,虚空の鎧・60,Jungle,3,1240,0,0,0,0,0,0,0,固有効果60,戦闘状況に応じて10%相当の補助効果を付与。同名固有パッシブは重複しない。,"[""EQ013"", ""EQ006""]"
EQ061,黎明の短剣・61,Attack,3,1277,43,0,0,0,0,0,0,固有効果61,戦闘状況に応じて11%相当の補助効果を付与。同名固有パッシブは重複しない。,"[""EQ015"", ""EQ009""]"
EQ062,残響の長剣・62,Magic,3,1314,0,68,0,0,0,0,10,固有効果62,戦闘状況に応じて12%相当の補助効果を付与。同名固有パッシブは重複しない。,"[""EQ017"", ""EQ012""]"
EQ063,星鉄の弓・63,Defense,3,1351,0,0,573,30,24,0,0,固有効果63,戦闘状況に応じて13%相当の補助効果を付与。同名固有パッシブは重複しない。,"[""EQ001"", ""EQ015""]"
EQ064,深海の杖・64,Movement,3,1388,0,0,0,0,0,37,0,固有効果64,戦闘状況に応じて14%相当の補助効果を付与。同名固有パッシブは重複しない。,"[""EQ003"", ""EQ018""]"
EQ065,烈火の護符・65,Utility,3,1425,0,0,635,0,0,0,5,固有効果65,戦闘状況に応じて15%相当の補助効果を付与。同名固有パッシブは重複しない。,"[""EQ005"", ""EQ003""]"
EQ066,静謐の鎧・66,Jungle,3,1462,0,0,0,0,0,0,0,固有効果66,戦闘状況に応じて5%相当の補助効果を付与。同名固有パッシブは重複しない。,"[""EQ007"", ""EQ006""]"
EQ067,雷鳴の短剣・67,Attack,3,1499,23,0,0,0,0,0,0,固有効果67,戦闘状況に応じて6%相当の補助効果を付与。同名固有パッシブは重複しない。,"[""EQ009"", ""EQ009""]"
EQ068,月影の長剣・68,Magic,3,1536,0,46,0,0,0,0,0,固有効果68,戦闘状況に応じて7%相当の補助効果を付与。同名固有パッシブは重複しない。,"[""EQ011"", ""EQ012""]"
EQ069,守護の弓・69,Defense,3,1573,0,0,239,42,14,0,0,固有効果69,戦闘状況に応じて8%相当の補助効果を付与。同名固有パッシブは重複しない。,"[""EQ013"", ""EQ015""]"
EQ070,疾風の杖・70,Movement,3,1610,0,0,0,0,0,20,0,固有効果70,戦闘状況に応じて9%相当の補助効果を付与。同名固有パッシブは重複しない。,"[""EQ015"", ""EQ018""]"
EQ071,霊樹の護符・71,Utility,3,1647,0,0,301,0,0,0,15,固有効果71,戦闘状況に応じて10%相当の補助効果を付与。同名固有パッシブは重複しない。,"[""EQ017"", ""EQ003""]"
EQ072,虚空の鎧・72,Jungle,3,1684,0,0,0,0,0,0,0,固有効果72,戦闘状況に応じて11%相当の補助効果を付与。同名固有パッシブは重複しない。,"[""EQ001"", ""EQ006""]"
