hero_id,code_name,display_name_ja,role,role_ja,difficulty,base_hp,hp_growth,base_attack,attack_growth,base_defense,defense_growth,base_magic_defense,magic_defense_growth,move_speed,attack_range,resource,resource_max,lore,strengths,weaknesses,counterplay
H001,Alden,城門の誓衛アルデン,Vanguard,ヴァンガード,4,2587,166,117,4.45,18,2.65,15,1.6,252,150,Mana,443,星環崩壊後のヴェルストリアで、城門の誓衛アルデンは失われた星核の断片を巡る戦いに身を投じる。,集団戦の起点と役割遂行に優れる,継続的な遠距離圧力に弱い,主要スキルの再使用待ちを見て距離を詰める。視界外からの奇襲を避ける。
H002,Lyra,星弦のリラ,Duelist,デュエリスト,2,2724,177,126,4.9,21,2.9,20,1.8,259,150,Energy,466,星環崩壊後のヴェルストリアで、星弦のリラは失われた星核の断片を巡る戦いに身を投じる。,局所的な火力と位置取りに優れる,継続的な遠距離圧力に弱い,主要スキルの再使用待ちを見て距離を詰める。視界外からの奇襲を避ける。
H003,Kael,灰刃のカエル,Ranger,レンジャー,5,2861,188,135,5.35,24,3.15,11,2.0,266,550,Mana,489,星環崩壊後のヴェルストリアで、灰刃のカエルは失われた星核の断片を巡る戦いに身を投じる。,局所的な火力と位置取りに優れる,接近されると選択肢が減る,主要スキルの再使用待ちを見て距離を詰める。視界外からの奇襲を避ける。
H004,Mirea,潮祈のミレア,Arcanist,アーケニスト,3,2998,199,144,5.8,27,3.4,16,1.4,248,550,Mana,512,星環崩壊後のヴェルストリアで、潮祈のミレアは失われた星核の断片を巡る戦いに身を投じる。,局所的な火力と位置取りに優れる,接近されると選択肢が減る,主要スキルの再使用待ちを見て距離を詰める。視界外からの奇襲を避ける。
H005,Voss,黒雷のヴォス,Support,サポート,1,2515,162,110,6.25,30,2.4,21,1.6,255,550,Mana,535,星環崩壊後のヴェルストリアで、黒雷のヴォスは失われた星核の断片を巡る戦いに身を投じる。,集団戦の起点と役割遂行に優れる,接近されると選択肢が減る,主要スキルの再使用待ちを見て距離を詰める。視界外からの奇襲を避ける。
H006,Seren,月灯のセレン,Assassin,アサシン,4,2652,173,119,4.0,17,2.65,12,1.8,262,150,Energy,558,星環崩壊後のヴェルストリアで、月灯のセレンは失われた星核の断片を巡る戦いに身を投じる。,局所的な火力と位置取りに優れる,接近されると選択肢が減る,主要スキルの再使用待ちを見て距離を詰める。視界外からの奇襲を避ける。
H007,Garruk,岩脈のガルク,Vanguard,ヴァンガード,2,2789,184,128,4.45,20,2.9,17,2.0,269,150,Mana,581,星環崩壊後のヴェルストリアで、岩脈のガルクは失われた星核の断片を巡る戦いに身を投じる。,集団戦の起点と役割遂行に優れる,継続的な遠距離圧力に弱い,主要スキルの再使用待ちを見て距離を詰める。視界外からの奇襲を避ける。
H008,Nia,風標のニア,Duelist,デュエリスト,5,2926,195,137,4.9,23,3.15,22,1.4,251,150,Energy,424,星環崩壊後のヴェルストリアで、風標のニアは失われた星核の断片を巡る戦いに身を投じる。,局所的な火力と位置取りに優れる,継続的な遠距離圧力に弱い,主要スキルの再使用待ちを見て距離を詰める。視界外からの奇襲を避ける。
H009,Orin,機巧士オリン,Ranger,レンジャー,3,3063,158,146,5.35,26,3.4,13,1.6,258,550,Mana,447,星環崩壊後のヴェルストリアで、機巧士オリンは失われた星核の断片を巡る戦いに身を投じる。,局所的な火力と位置取りに優れる,接近されると選択肢が減る,主要スキルの再使用待ちを見て距離を詰める。視界外からの奇襲を避ける。
H010,Thessa,焔冠のテッサ,Arcanist,アーケニスト,1,2580,169,112,5.8,29,2.4,18,1.8,265,550,Mana,470,星環崩壊後のヴェルストリアで、焔冠のテッサは失われた星核の断片を巡る戦いに身を投じる。,局所的な火力と位置取りに優れる,接近されると選択肢が減る,主要スキルの再使用待ちを見て距離を詰める。視界外からの奇襲を避ける。
H011,Rook,鉄翼のルーク,Support,サポート,4,2717,180,121,6.25,16,2.65,23,2.0,247,550,Mana,493,星環崩壊後のヴェルストリアで、鉄翼のルークは失われた星核の断片を巡る戦いに身を投じる。,集団戦の起点と役割遂行に優れる,接近されると選択肢が減る,主要スキルの再使用待ちを見て距離を詰める。視界外からの奇襲を避ける。
H012,Elyne,玻璃歌のエリネ,Assassin,アサシン,2,2854,191,130,4.0,19,2.9,14,1.4,254,150,Energy,516,星環崩壊後のヴェルストリアで、玻璃歌のエリネは失われた星核の断片を巡る戦いに身を投じる。,局所的な火力と位置取りに優れる,接近されると選択肢が減る,主要スキルの再使用待ちを見て距離を詰める。視界外からの奇襲を避ける。
H013,Dagan,獣刻のダガン,Vanguard,ヴァンガード,5,2991,202,139,4.45,22,3.15,19,1.6,261,150,Mana,539,星環崩壊後のヴェルストリアで、獣刻のダガンは失われた星核の断片を巡る戦いに身を投じる。,集団戦の起点と役割遂行に優れる,継続的な遠距離圧力に弱い,主要スキルの再使用待ちを見て距離を詰める。視界外からの奇襲を避ける。
H014,Sio,霧歩のシオ,Duelist,デュエリスト,3,2508,165,148,4.9,25,3.4,10,1.8,268,150,Energy,562,星環崩壊後のヴェルストリアで、霧歩のシオは失われた星核の断片を巡る戦いに身を投じる。,局所的な火力と位置取りに優れる,継続的な遠距離圧力に弱い,主要スキルの再使用待ちを見て距離を詰める。視界外からの奇襲を避ける。
H015,Valka,戦鐘のヴァルカ,Ranger,レンジャー,1,2645,176,114,5.35,28,2.4,15,2.0,250,550,Mana,585,星環崩壊後のヴェルストリアで、戦鐘のヴァルカは失われた星核の断片を巡る戦いに身を投じる。,局所的な火力と位置取りに優れる,接近されると選択肢が減る,主要スキルの再使用待ちを見て距離を詰める。視界外からの奇襲を避ける。
H016,Iris,白環のイリス,Arcanist,アーケニスト,4,2782,187,123,5.8,15,2.65,20,1.4,257,550,Mana,428,星環崩壊後のヴェルストリアで、白環のイリスは失われた星核の断片を巡る戦いに身を投じる。,局所的な火力と位置取りに優れる,接近されると選択肢が減る,主要スキルの再使用待ちを見て距離を詰める。視界外からの奇襲を避ける。
H017,Mord,深淵鎖のモルド,Support,サポート,2,2919,198,132,6.25,18,2.9,11,1.6,264,550,Mana,451,星環崩壊後のヴェルストリアで、深淵鎖のモルドは失われた星核の断片を巡る戦いに身を投じる。,集団戦の起点と役割遂行に優れる,接近されると選択肢が減る,主要スキルの再使用待ちを見て距離を詰める。視界外からの奇襲を避ける。
H018,Celia,花星のセリア,Assassin,アサシン,5,3056,161,141,4.0,21,3.15,16,1.8,246,150,Energy,474,星環崩壊後のヴェルストリアで、花星のセリアは失われた星核の断片を巡る戦いに身を投じる。,局所的な火力と位置取りに優れる,接近されると選択肢が減る,主要スキルの再使用待ちを見て距離を詰める。視界外からの奇襲を避ける。
H019,Bram,砦砕のブラム,Vanguard,ヴァンガード,3,2573,172,150,4.45,24,3.4,21,2.0,253,150,Mana,497,星環崩壊後のヴェルストリアで、砦砕のブラムは失われた星核の断片を巡る戦いに身を投じる。,集団戦の起点と役割遂行に優れる,継続的な遠距離圧力に弱い,主要スキルの再使用待ちを見て距離を詰める。視界外からの奇襲を避ける。
H020,Yuna,光矢のユナ,Duelist,デュエリスト,1,2710,183,116,4.9,27,2.4,12,1.4,260,150,Energy,520,星環崩壊後のヴェルストリアで、光矢のユナは失われた星核の断片を巡る戦いに身を投じる。,局所的な火力と位置取りに優れる,継続的な遠距離圧力に弱い,主要スキルの再使用待ちを見て距離を詰める。視界外からの奇襲を避ける。
H021,Kiros,時砂のキロス,Ranger,レンジャー,4,2847,194,125,5.35,30,2.65,17,1.6,267,550,Mana,543,星環崩壊後のヴェルストリアで、時砂のキロスは失われた星核の断片を巡る戦いに身を投じる。,局所的な火力と位置取りに優れる,接近されると選択肢が減る,主要スキルの再使用待ちを見て距離を詰める。視界外からの奇襲を避ける。
H022,Rhea,蒼爪のレア,Arcanist,アーケニスト,2,2984,157,134,5.8,17,2.9,22,1.8,249,550,Mana,566,星環崩壊後のヴェルストリアで、蒼爪のレアは失われた星核の断片を巡る戦いに身を投じる。,局所的な火力と位置取りに優れる,接近されると選択肢が減る,主要スキルの再使用待ちを見て距離を詰める。視界外からの奇襲を避ける。
H023,Toren,雷槍のトレン,Support,サポート,5,2501,168,143,6.25,20,3.15,13,2.0,256,550,Mana,589,星環崩壊後のヴェルストリアで、雷槍のトレンは失われた星核の断片を巡る戦いに身を投じる。,集団戦の起点と役割遂行に優れる,接近されると選択肢が減る,主要スキルの再使用待ちを見て距離を詰める。視界外からの奇襲を避ける。
H024,Noa,夢織のノア,Assassin,アサシン,3,2638,179,109,4.0,23,3.4,18,1.4,263,150,Energy,432,星環崩壊後のヴェルストリアで、夢織のノアは失われた星核の断片を巡る戦いに身を投じる。,局所的な火力と位置取りに優れる,接近されると選択肢が減る,主要スキルの再使用待ちを見て距離を詰める。視界外からの奇襲を避ける。
