module_id,name_ja,owner,priority
MOD01,認証,Backend,P0
MOD02,アカウント,Backend,P0
MOD03,パッチ配信,Shared,P0
MOD04,アセットDL,Backend,P0
MOD05,ホーム,Client,P0
MOD06,通知,Shared,P0
MOD07,フレンド,Backend,P0
MOD08,チャット,Backend,P0
MOD09,パーティ,Shared,P0
MOD10,マッチメイク,Backend,P0
MOD11,ランク,Backend,P0
MOD12,ドラフト,Shared,P0
MOD13,ヒーロー,Client,P0
MOD14,装備,Backend,P0
MOD15,ルーン,Shared,P0
MOD16,スペル,Backend,P0
MOD17,戦闘入力,Client,P0
MOD18,移動,Client,P0
MOD19,攻撃,Client,P0
MOD20,スキル,Client,P0
MOD21,当たり判定,Shared,P0
MOD22,視界,Backend,P0
MOD23,ミニオン,Backend,P0
MOD24,ジャングル,Shared,P0
MOD25,タワー,Backend,P0
MOD26,拠点,Backend,P0
MOD27,ゴールド,Shared,P0
MOD28,経験値,Backend,P0
MOD29,リスポーン,Backend,P0
MOD30,ショップ戦闘,Shared,P0
MOD31,スコア,Backend,P0
MOD32,降参,Backend,P0
MOD33,切断再接続,Shared,P0
MOD34,リザルト,Backend,P0
MOD35,リプレイ,Backend,P0
MOD36,観戦,Client,P1
MOD37,ストア,Backend,P1
MOD38,課金照合,Backend,P1
MOD39,イベント,Shared,P1
MOD40,ミッション,Backend,P1
MOD41,通報,Backend,P1
MOD42,不正対策,Shared,P1
MOD43,分析,Backend,P1
MOD44,運営管理,Backend,P1
