req_id,module_id,module,priority,requirement,acceptance
FR-001,MOD01,認証,Must,認証機能は、定義済み状態遷移・権限・エラー処理に従いユースケース001を実行できること。,正常系、通信失敗、再試行、重複操作を確認し、サーバー状態とクライアント表示が一致すること。
FR-002,MOD02,アカウント,Must,アカウント機能は、定義済み状態遷移・権限・エラー処理に従いユースケース002を実行できること。,正常系、通信失敗、再試行、重複操作を確認し、サーバー状態とクライアント表示が一致すること。
FR-003,MOD03,パッチ配信,Must,パッチ配信機能は、定義済み状態遷移・権限・エラー処理に従いユースケース003を実行できること。,正常系、通信失敗、再試行、重複操作を確認し、サーバー状態とクライアント表示が一致すること。
FR-004,MOD04,アセットDL,Must,アセットDL機能は、定義済み状態遷移・権限・エラー処理に従いユースケース004を実行できること。,正常系、通信失敗、再試行、重複操作を確認し、サーバー状態とクライアント表示が一致すること。
FR-005,MOD05,ホーム,Must,ホーム機能は、定義済み状態遷移・権限・エラー処理に従いユースケース005を実行できること。,正常系、通信失敗、再試行、重複操作を確認し、サーバー状態とクライアント表示が一致すること。
FR-006,MOD06,通知,Must,通知機能は、定義済み状態遷移・権限・エラー処理に従いユースケース006を実行できること。,正常系、通信失敗、再試行、重複操作を確認し、サーバー状態とクライアント表示が一致すること。
FR-007,MOD07,フレンド,Must,フレンド機能は、定義済み状態遷移・権限・エラー処理に従いユースケース007を実行できること。,正常系、通信失敗、再試行、重複操作を確認し、サーバー状態とクライアント表示が一致すること。
FR-008,MOD08,チャット,Must,チャット機能は、定義済み状態遷移・権限・エラー処理に従いユースケース008を実行できること。,正常系、通信失敗、再試行、重複操作を確認し、サーバー状態とクライアント表示が一致すること。
FR-009,MOD09,パーティ,Must,パーティ機能は、定義済み状態遷移・権限・エラー処理に従いユースケース009を実行できること。,正常系、通信失敗、再試行、重複操作を確認し、サーバー状態とクライアント表示が一致すること。
FR-010,MOD10,マッチメイク,Must,マッチメイク機能は、定義済み状態遷移・権限・エラー処理に従いユースケース010を実行できること。,正常系、通信失敗、再試行、重複操作を確認し、サーバー状態とクライアント表示が一致すること。
FR-011,MOD11,ランク,Must,ランク機能は、定義済み状態遷移・権限・エラー処理に従いユースケース011を実行できること。,正常系、通信失敗、再試行、重複操作を確認し、サーバー状態とクライアント表示が一致すること。
FR-012,MOD12,ドラフト,Must,ドラフト機能は、定義済み状態遷移・権限・エラー処理に従いユースケース012を実行できること。,正常系、通信失敗、再試行、重複操作を確認し、サーバー状態とクライアント表示が一致すること。
FR-013,MOD13,ヒーロー,Must,ヒーロー機能は、定義済み状態遷移・権限・エラー処理に従いユースケース013を実行できること。,正常系、通信失敗、再試行、重複操作を確認し、サーバー状態とクライアント表示が一致すること。
FR-014,MOD14,装備,Must,装備機能は、定義済み状態遷移・権限・エラー処理に従いユースケース014を実行できること。,正常系、通信失敗、再試行、重複操作を確認し、サーバー状態とクライアント表示が一致すること。
FR-015,MOD15,ルーン,Must,ルーン機能は、定義済み状態遷移・権限・エラー処理に従いユースケース015を実行できること。,正常系、通信失敗、再試行、重複操作を確認し、サーバー状態とクライアント表示が一致すること。
FR-016,MOD16,スペル,Must,スペル機能は、定義済み状態遷移・権限・エラー処理に従いユースケース016を実行できること。,正常系、通信失敗、再試行、重複操作を確認し、サーバー状態とクライアント表示が一致すること。
FR-017,MOD17,戦闘入力,Must,戦闘入力機能は、定義済み状態遷移・権限・エラー処理に従いユースケース017を実行できること。,正常系、通信失敗、再試行、重複操作を確認し、サーバー状態とクライアント表示が一致すること。
FR-018,MOD18,移動,Must,移動機能は、定義済み状態遷移・権限・エラー処理に従いユースケース018を実行できること。,正常系、通信失敗、再試行、重複操作を確認し、サーバー状態とクライアント表示が一致すること。
FR-019,MOD19,攻撃,Must,攻撃機能は、定義済み状態遷移・権限・エラー処理に従いユースケース019を実行できること。,正常系、通信失敗、再試行、重複操作を確認し、サーバー状態とクライアント表示が一致すること。
FR-020,MOD20,スキル,Must,スキル機能は、定義済み状態遷移・権限・エラー処理に従いユースケース020を実行できること。,正常系、通信失敗、再試行、重複操作を確認し、サーバー状態とクライアント表示が一致すること。
FR-021,MOD21,当たり判定,Must,当たり判定機能は、定義済み状態遷移・権限・エラー処理に従いユースケース021を実行できること。,正常系、通信失敗、再試行、重複操作を確認し、サーバー状態とクライアント表示が一致すること。
FR-022,MOD22,視界,Must,視界機能は、定義済み状態遷移・権限・エラー処理に従いユースケース022を実行できること。,正常系、通信失敗、再試行、重複操作を確認し、サーバー状態とクライアント表示が一致すること。
FR-023,MOD23,ミニオン,Must,ミニオン機能は、定義済み状態遷移・権限・エラー処理に従いユースケース023を実行できること。,正常系、通信失敗、再試行、重複操作を確認し、サーバー状態とクライアント表示が一致すること。
FR-024,MOD24,ジャングル,Must,ジャングル機能は、定義済み状態遷移・権限・エラー処理に従いユースケース024を実行できること。,正常系、通信失敗、再試行、重複操作を確認し、サーバー状態とクライアント表示が一致すること。
FR-025,MOD25,タワー,Must,タワー機能は、定義済み状態遷移・権限・エラー処理に従いユースケース025を実行できること。,正常系、通信失敗、再試行、重複操作を確認し、サーバー状態とクライアント表示が一致すること。
FR-026,MOD26,拠点,Must,拠点機能は、定義済み状態遷移・権限・エラー処理に従いユースケース026を実行できること。,正常系、通信失敗、再試行、重複操作を確認し、サーバー状態とクライアント表示が一致すること。
FR-027,MOD27,ゴールド,Must,ゴールド機能は、定義済み状態遷移・権限・エラー処理に従いユースケース027を実行できること。,正常系、通信失敗、再試行、重複操作を確認し、サーバー状態とクライアント表示が一致すること。
FR-028,MOD28,経験値,Must,経験値機能は、定義済み状態遷移・権限・エラー処理に従いユースケース028を実行できること。,正常系、通信失敗、再試行、重複操作を確認し、サーバー状態とクライアント表示が一致すること。
FR-029,MOD29,リスポーン,Must,リスポーン機能は、定義済み状態遷移・権限・エラー処理に従いユースケース029を実行できること。,正常系、通信失敗、再試行、重複操作を確認し、サーバー状態とクライアント表示が一致すること。
FR-030,MOD30,ショップ戦闘,Must,ショップ戦闘機能は、定義済み状態遷移・権限・エラー処理に従いユースケース030を実行できること。,正常系、通信失敗、再試行、重複操作を確認し、サーバー状態とクライアント表示が一致すること。
FR-031,MOD31,スコア,Must,スコア機能は、定義済み状態遷移・権限・エラー処理に従いユースケース031を実行できること。,正常系、通信失敗、再試行、重複操作を確認し、サーバー状態とクライアント表示が一致すること。
FR-032,MOD32,降参,Must,降参機能は、定義済み状態遷移・権限・エラー処理に従いユースケース032を実行できること。,正常系、通信失敗、再試行、重複操作を確認し、サーバー状態とクライアント表示が一致すること。
FR-033,MOD33,切断再接続,Must,切断再接続機能は、定義済み状態遷移・権限・エラー処理に従いユースケース033を実行できること。,正常系、通信失敗、再試行、重複操作を確認し、サーバー状態とクライアント表示が一致すること。
FR-034,MOD34,リザルト,Must,リザルト機能は、定義済み状態遷移・権限・エラー処理に従いユースケース034を実行できること。,正常系、通信失敗、再試行、重複操作を確認し、サーバー状態とクライアント表示が一致すること。
FR-035,MOD35,リプレイ,Must,リプレイ機能は、定義済み状態遷移・権限・エラー処理に従いユースケース035を実行できること。,正常系、通信失敗、再試行、重複操作を確認し、サーバー状態とクライアント表示が一致すること。
FR-036,MOD36,観戦,Must,観戦機能は、定義済み状態遷移・権限・エラー処理に従いユースケース036を実行できること。,正常系、通信失敗、再試行、重複操作を確認し、サーバー状態とクライアント表示が一致すること。
FR-037,MOD37,ストア,Must,ストア機能は、定義済み状態遷移・権限・エラー処理に従いユースケース037を実行できること。,正常系、通信失敗、再試行、重複操作を確認し、サーバー状態とクライアント表示が一致すること。
FR-038,MOD38,課金照合,Must,課金照合機能は、定義済み状態遷移・権限・エラー処理に従いユースケース038を実行できること。,正常系、通信失敗、再試行、重複操作を確認し、サーバー状態とクライアント表示が一致すること。
FR-039,MOD39,イベント,Must,イベント機能は、定義済み状態遷移・権限・エラー処理に従いユースケース039を実行できること。,正常系、通信失敗、再試行、重複操作を確認し、サーバー状態とクライアント表示が一致すること。
FR-040,MOD40,ミッション,Must,ミッション機能は、定義済み状態遷移・権限・エラー処理に従いユースケース040を実行できること。,正常系、通信失敗、再試行、重複操作を確認し、サーバー状態とクライアント表示が一致すること。
FR-041,MOD41,通報,Must,通報機能は、定義済み状態遷移・権限・エラー処理に従いユースケース041を実行できること。,正常系、通信失敗、再試行、重複操作を確認し、サーバー状態とクライアント表示が一致すること。
FR-042,MOD42,不正対策,Must,不正対策機能は、定義済み状態遷移・権限・エラー処理に従いユースケース042を実行できること。,正常系、通信失敗、再試行、重複操作を確認し、サーバー状態とクライアント表示が一致すること。
FR-043,MOD43,分析,Must,分析機能は、定義済み状態遷移・権限・エラー処理に従いユースケース043を実行できること。,正常系、通信失敗、再試行、重複操作を確認し、サーバー状態とクライアント表示が一致すること。
FR-044,MOD44,運営管理,Must,運営管理機能は、定義済み状態遷移・権限・エラー処理に従いユースケース044を実行できること。,正常系、通信失敗、再試行、重複操作を確認し、サーバー状態とクライアント表示が一致すること。
FR-045,MOD01,認証,Must,認証機能は、定義済み状態遷移・権限・エラー処理に従いユースケース045を実行できること。,正常系、通信失敗、再試行、重複操作を確認し、サーバー状態とクライアント表示が一致すること。
FR-046,MOD02,アカウント,Must,アカウント機能は、定義済み状態遷移・権限・エラー処理に従いユースケース046を実行できること。,正常系、通信失敗、再試行、重複操作を確認し、サーバー状態とクライアント表示が一致すること。
FR-047,MOD03,パッチ配信,Must,パッチ配信機能は、定義済み状態遷移・権限・エラー処理に従いユースケース047を実行できること。,正常系、通信失敗、再試行、重複操作を確認し、サーバー状態とクライアント表示が一致すること。
FR-048,MOD04,アセットDL,Must,アセットDL機能は、定義済み状態遷移・権限・エラー処理に従いユースケース048を実行できること。,正常系、通信失敗、再試行、重複操作を確認し、サーバー状態とクライアント表示が一致すること。
FR-049,MOD05,ホーム,Must,ホーム機能は、定義済み状態遷移・権限・エラー処理に従いユースケース049を実行できること。,正常系、通信失敗、再試行、重複操作を確認し、サーバー状態とクライアント表示が一致すること。
FR-050,MOD06,通知,Must,通知機能は、定義済み状態遷移・権限・エラー処理に従いユースケース050を実行できること。,正常系、通信失敗、再試行、重複操作を確認し、サーバー状態とクライアント表示が一致すること。
FR-051,MOD07,フレンド,Must,フレンド機能は、定義済み状態遷移・権限・エラー処理に従いユースケース051を実行できること。,正常系、通信失敗、再試行、重複操作を確認し、サーバー状態とクライアント表示が一致すること。
FR-052,MOD08,チャット,Must,チャット機能は、定義済み状態遷移・権限・エラー処理に従いユースケース052を実行できること。,正常系、通信失敗、再試行、重複操作を確認し、サーバー状態とクライアント表示が一致すること。
FR-053,MOD09,パーティ,Must,パーティ機能は、定義済み状態遷移・権限・エラー処理に従いユースケース053を実行できること。,正常系、通信失敗、再試行、重複操作を確認し、サーバー状態とクライアント表示が一致すること。
FR-054,MOD10,マッチメイク,Must,マッチメイク機能は、定義済み状態遷移・権限・エラー処理に従いユースケース054を実行できること。,正常系、通信失敗、再試行、重複操作を確認し、サーバー状態とクライアント表示が一致すること。
FR-055,MOD11,ランク,Must,ランク機能は、定義済み状態遷移・権限・エラー処理に従いユースケース055を実行できること。,正常系、通信失敗、再試行、重複操作を確認し、サーバー状態とクライアント表示が一致すること。
FR-056,MOD12,ドラフト,Must,ドラフト機能は、定義済み状態遷移・権限・エラー処理に従いユースケース056を実行できること。,正常系、通信失敗、再試行、重複操作を確認し、サーバー状態とクライアント表示が一致すること。
FR-057,MOD13,ヒーロー,Must,ヒーロー機能は、定義済み状態遷移・権限・エラー処理に従いユースケース057を実行できること。,正常系、通信失敗、再試行、重複操作を確認し、サーバー状態とクライアント表示が一致すること。
FR-058,MOD14,装備,Must,装備機能は、定義済み状態遷移・権限・エラー処理に従いユースケース058を実行できること。,正常系、通信失敗、再試行、重複操作を確認し、サーバー状態とクライアント表示が一致すること。
FR-059,MOD15,ルーン,Must,ルーン機能は、定義済み状態遷移・権限・エラー処理に従いユースケース059を実行できること。,正常系、通信失敗、再試行、重複操作を確認し、サーバー状態とクライアント表示が一致すること。
FR-060,MOD16,スペル,Must,スペル機能は、定義済み状態遷移・権限・エラー処理に従いユースケース060を実行できること。,正常系、通信失敗、再試行、重複操作を確認し、サーバー状態とクライアント表示が一致すること。
FR-061,MOD17,戦闘入力,Must,戦闘入力機能は、定義済み状態遷移・権限・エラー処理に従いユースケース061を実行できること。,正常系、通信失敗、再試行、重複操作を確認し、サーバー状態とクライアント表示が一致すること。
FR-062,MOD18,移動,Must,移動機能は、定義済み状態遷移・権限・エラー処理に従いユースケース062を実行できること。,正常系、通信失敗、再試行、重複操作を確認し、サーバー状態とクライアント表示が一致すること。
FR-063,MOD19,攻撃,Must,攻撃機能は、定義済み状態遷移・権限・エラー処理に従いユースケース063を実行できること。,正常系、通信失敗、再試行、重複操作を確認し、サーバー状態とクライアント表示が一致すること。
FR-064,MOD20,スキル,Must,スキル機能は、定義済み状態遷移・権限・エラー処理に従いユースケース064を実行できること。,正常系、通信失敗、再試行、重複操作を確認し、サーバー状態とクライアント表示が一致すること。
FR-065,MOD21,当たり判定,Must,当たり判定機能は、定義済み状態遷移・権限・エラー処理に従いユースケース065を実行できること。,正常系、通信失敗、再試行、重複操作を確認し、サーバー状態とクライアント表示が一致すること。
FR-066,MOD22,視界,Must,視界機能は、定義済み状態遷移・権限・エラー処理に従いユースケース066を実行できること。,正常系、通信失敗、再試行、重複操作を確認し、サーバー状態とクライアント表示が一致すること。
FR-067,MOD23,ミニオン,Must,ミニオン機能は、定義済み状態遷移・権限・エラー処理に従いユースケース067を実行できること。,正常系、通信失敗、再試行、重複操作を確認し、サーバー状態とクライアント表示が一致すること。
FR-068,MOD24,ジャングル,Must,ジャングル機能は、定義済み状態遷移・権限・エラー処理に従いユースケース068を実行できること。,正常系、通信失敗、再試行、重複操作を確認し、サーバー状態とクライアント表示が一致すること。
FR-069,MOD25,タワー,Must,タワー機能は、定義済み状態遷移・権限・エラー処理に従いユースケース069を実行できること。,正常系、通信失敗、再試行、重複操作を確認し、サーバー状態とクライアント表示が一致すること。
FR-070,MOD26,拠点,Must,拠点機能は、定義済み状態遷移・権限・エラー処理に従いユースケース070を実行できること。,正常系、通信失敗、再試行、重複操作を確認し、サーバー状態とクライアント表示が一致すること。
FR-071,MOD27,ゴールド,Must,ゴールド機能は、定義済み状態遷移・権限・エラー処理に従いユースケース071を実行できること。,正常系、通信失敗、再試行、重複操作を確認し、サーバー状態とクライアント表示が一致すること。
FR-072,MOD28,経験値,Must,経験値機能は、定義済み状態遷移・権限・エラー処理に従いユースケース072を実行できること。,正常系、通信失敗、再試行、重複操作を確認し、サーバー状態とクライアント表示が一致すること。
FR-073,MOD29,リスポーン,Must,リスポーン機能は、定義済み状態遷移・権限・エラー処理に従いユースケース073を実行できること。,正常系、通信失敗、再試行、重複操作を確認し、サーバー状態とクライアント表示が一致すること。
FR-074,MOD30,ショップ戦闘,Must,ショップ戦闘機能は、定義済み状態遷移・権限・エラー処理に従いユースケース074を実行できること。,正常系、通信失敗、再試行、重複操作を確認し、サーバー状態とクライアント表示が一致すること。
FR-075,MOD31,スコア,Must,スコア機能は、定義済み状態遷移・権限・エラー処理に従いユースケース075を実行できること。,正常系、通信失敗、再試行、重複操作を確認し、サーバー状態とクライアント表示が一致すること。
FR-076,MOD32,降参,Must,降参機能は、定義済み状態遷移・権限・エラー処理に従いユースケース076を実行できること。,正常系、通信失敗、再試行、重複操作を確認し、サーバー状態とクライアント表示が一致すること。
FR-077,MOD33,切断再接続,Must,切断再接続機能は、定義済み状態遷移・権限・エラー処理に従いユースケース077を実行できること。,正常系、通信失敗、再試行、重複操作を確認し、サーバー状態とクライアント表示が一致すること。
FR-078,MOD34,リザルト,Must,リザルト機能は、定義済み状態遷移・権限・エラー処理に従いユースケース078を実行できること。,正常系、通信失敗、再試行、重複操作を確認し、サーバー状態とクライアント表示が一致すること。
FR-079,MOD35,リプレイ,Must,リプレイ機能は、定義済み状態遷移・権限・エラー処理に従いユースケース079を実行できること。,正常系、通信失敗、再試行、重複操作を確認し、サーバー状態とクライアント表示が一致すること。
FR-080,MOD36,観戦,Must,観戦機能は、定義済み状態遷移・権限・エラー処理に従いユースケース080を実行できること。,正常系、通信失敗、再試行、重複操作を確認し、サーバー状態とクライアント表示が一致すること。
FR-081,MOD37,ストア,Should,ストア機能は、定義済み状態遷移・権限・エラー処理に従いユースケース081を実行できること。,正常系、通信失敗、再試行、重複操作を確認し、サーバー状態とクライアント表示が一致すること。
FR-082,MOD38,課金照合,Should,課金照合機能は、定義済み状態遷移・権限・エラー処理に従いユースケース082を実行できること。,正常系、通信失敗、再試行、重複操作を確認し、サーバー状態とクライアント表示が一致すること。
FR-083,MOD39,イベント,Should,イベント機能は、定義済み状態遷移・権限・エラー処理に従いユースケース083を実行できること。,正常系、通信失敗、再試行、重複操作を確認し、サーバー状態とクライアント表示が一致すること。
FR-084,MOD40,ミッション,Should,ミッション機能は、定義済み状態遷移・権限・エラー処理に従いユースケース084を実行できること。,正常系、通信失敗、再試行、重複操作を確認し、サーバー状態とクライアント表示が一致すること。
FR-085,MOD41,通報,Should,通報機能は、定義済み状態遷移・権限・エラー処理に従いユースケース085を実行できること。,正常系、通信失敗、再試行、重複操作を確認し、サーバー状態とクライアント表示が一致すること。
FR-086,MOD42,不正対策,Should,不正対策機能は、定義済み状態遷移・権限・エラー処理に従いユースケース086を実行できること。,正常系、通信失敗、再試行、重複操作を確認し、サーバー状態とクライアント表示が一致すること。
FR-087,MOD43,分析,Should,分析機能は、定義済み状態遷移・権限・エラー処理に従いユースケース087を実行できること。,正常系、通信失敗、再試行、重複操作を確認し、サーバー状態とクライアント表示が一致すること。
FR-088,MOD44,運営管理,Should,運営管理機能は、定義済み状態遷移・権限・エラー処理に従いユースケース088を実行できること。,正常系、通信失敗、再試行、重複操作を確認し、サーバー状態とクライアント表示が一致すること。
FR-089,MOD01,認証,Should,認証機能は、定義済み状態遷移・権限・エラー処理に従いユースケース089を実行できること。,正常系、通信失敗、再試行、重複操作を確認し、サーバー状態とクライアント表示が一致すること。
FR-090,MOD02,アカウント,Should,アカウント機能は、定義済み状態遷移・権限・エラー処理に従いユースケース090を実行できること。,正常系、通信失敗、再試行、重複操作を確認し、サーバー状態とクライアント表示が一致すること。
FR-091,MOD03,パッチ配信,Should,パッチ配信機能は、定義済み状態遷移・権限・エラー処理に従いユースケース091を実行できること。,正常系、通信失敗、再試行、重複操作を確認し、サーバー状態とクライアント表示が一致すること。
FR-092,MOD04,アセットDL,Should,アセットDL機能は、定義済み状態遷移・権限・エラー処理に従いユースケース092を実行できること。,正常系、通信失敗、再試行、重複操作を確認し、サーバー状態とクライアント表示が一致すること。
FR-093,MOD05,ホーム,Should,ホーム機能は、定義済み状態遷移・権限・エラー処理に従いユースケース093を実行できること。,正常系、通信失敗、再試行、重複操作を確認し、サーバー状態とクライアント表示が一致すること。
FR-094,MOD06,通知,Should,通知機能は、定義済み状態遷移・権限・エラー処理に従いユースケース094を実行できること。,正常系、通信失敗、再試行、重複操作を確認し、サーバー状態とクライアント表示が一致すること。
FR-095,MOD07,フレンド,Should,フレンド機能は、定義済み状態遷移・権限・エラー処理に従いユースケース095を実行できること。,正常系、通信失敗、再試行、重複操作を確認し、サーバー状態とクライアント表示が一致すること。
FR-096,MOD08,チャット,Should,チャット機能は、定義済み状態遷移・権限・エラー処理に従いユースケース096を実行できること。,正常系、通信失敗、再試行、重複操作を確認し、サーバー状態とクライアント表示が一致すること。
FR-097,MOD09,パーティ,Should,パーティ機能は、定義済み状態遷移・権限・エラー処理に従いユースケース097を実行できること。,正常系、通信失敗、再試行、重複操作を確認し、サーバー状態とクライアント表示が一致すること。
FR-098,MOD10,マッチメイク,Should,マッチメイク機能は、定義済み状態遷移・権限・エラー処理に従いユースケース098を実行できること。,正常系、通信失敗、再試行、重複操作を確認し、サーバー状態とクライアント表示が一致すること。
FR-099,MOD11,ランク,Should,ランク機能は、定義済み状態遷移・権限・エラー処理に従いユースケース099を実行できること。,正常系、通信失敗、再試行、重複操作を確認し、サーバー状態とクライアント表示が一致すること。
FR-100,MOD12,ドラフト,Should,ドラフト機能は、定義済み状態遷移・権限・エラー処理に従いユースケース100を実行できること。,正常系、通信失敗、再試行、重複操作を確認し、サーバー状態とクライアント表示が一致すること。
FR-101,MOD13,ヒーロー,Should,ヒーロー機能は、定義済み状態遷移・権限・エラー処理に従いユースケース101を実行できること。,正常系、通信失敗、再試行、重複操作を確認し、サーバー状態とクライアント表示が一致すること。
FR-102,MOD14,装備,Should,装備機能は、定義済み状態遷移・権限・エラー処理に従いユースケース102を実行できること。,正常系、通信失敗、再試行、重複操作を確認し、サーバー状態とクライアント表示が一致すること。
FR-103,MOD15,ルーン,Could,ルーン機能は、定義済み状態遷移・権限・エラー処理に従いユースケース103を実行できること。,正常系、通信失敗、再試行、重複操作を確認し、サーバー状態とクライアント表示が一致すること。
FR-104,MOD16,スペル,Could,スペル機能は、定義済み状態遷移・権限・エラー処理に従いユースケース104を実行できること。,正常系、通信失敗、再試行、重複操作を確認し、サーバー状態とクライアント表示が一致すること。
FR-105,MOD17,戦闘入力,Could,戦闘入力機能は、定義済み状態遷移・権限・エラー処理に従いユースケース105を実行できること。,正常系、通信失敗、再試行、重複操作を確認し、サーバー状態とクライアント表示が一致すること。
FR-106,MOD18,移動,Could,移動機能は、定義済み状態遷移・権限・エラー処理に従いユースケース106を実行できること。,正常系、通信失敗、再試行、重複操作を確認し、サーバー状態とクライアント表示が一致すること。
FR-107,MOD19,攻撃,Could,攻撃機能は、定義済み状態遷移・権限・エラー処理に従いユースケース107を実行できること。,正常系、通信失敗、再試行、重複操作を確認し、サーバー状態とクライアント表示が一致すること。
FR-108,MOD20,スキル,Could,スキル機能は、定義済み状態遷移・権限・エラー処理に従いユースケース108を実行できること。,正常系、通信失敗、再試行、重複操作を確認し、サーバー状態とクライアント表示が一致すること。
FR-109,MOD21,当たり判定,Could,当たり判定機能は、定義済み状態遷移・権限・エラー処理に従いユースケース109を実行できること。,正常系、通信失敗、再試行、重複操作を確認し、サーバー状態とクライアント表示が一致すること。
FR-110,MOD22,視界,Could,視界機能は、定義済み状態遷移・権限・エラー処理に従いユースケース110を実行できること。,正常系、通信失敗、再試行、重複操作を確認し、サーバー状態とクライアント表示が一致すること。
