rune_id,name_ja,path,tier,effect
RN01,勇気の星紋01,Valor,1,条件達成時に主要能力を3%補助する。
RN02,秘術の星紋02,Arcana,1,条件達成時に主要能力を4%補助する。
RN03,堅守の星紋03,Resolve,1,条件達成時に主要能力を5%補助する。
RN04,狡知の星紋04,Cunning,1,条件達成時に主要能力を6%補助する。
RN05,調和の星紋05,Harmony,1,条件達成時に主要能力を7%補助する。
RN06,勇気の星紋06,Valor,1,条件達成時に主要能力を8%補助する。
RN07,秘術の星紋07,Arcana,1,条件達成時に主要能力を2%補助する。
RN08,堅守の星紋08,Resolve,1,条件達成時に主要能力を3%補助する。
RN09,狡知の星紋09,Cunning,1,条件達成時に主要能力を4%補助する。
RN10,調和の星紋10,Harmony,1,条件達成時に主要能力を5%補助する。
RN11,勇気の星紋11,Valor,2,条件達成時に主要能力を6%補助する。
RN12,秘術の星紋12,Arcana,2,条件達成時に主要能力を7%補助する。
RN13,堅守の星紋13,Resolve,2,条件達成時に主要能力を8%補助する。
RN14,狡知の星紋14,Cunning,2,条件達成時に主要能力を2%補助する。
RN15,調和の星紋15,Harmony,2,条件達成時に主要能力を3%補助する。
RN16,勇気の星紋16,Valor,2,条件達成時に主要能力を4%補助する。
RN17,秘術の星紋17,Arcana,2,条件達成時に主要能力を5%補助する。
RN18,堅守の星紋18,Resolve,2,条件達成時に主要能力を6%補助する。
RN19,狡知の星紋19,Cunning,2,条件達成時に主要能力を7%補助する。
RN20,調和の星紋20,Harmony,2,条件達成時に主要能力を8%補助する。
RN21,勇気の星紋21,Valor,3,条件達成時に主要能力を2%補助する。
RN22,秘術の星紋22,Arcana,3,条件達成時に主要能力を3%補助する。
RN23,堅守の星紋23,Resolve,3,条件達成時に主要能力を4%補助する。
RN24,狡知の星紋24,Cunning,3,条件達成時に主要能力を5%補助する。
RN25,調和の星紋25,Harmony,3,条件達成時に主要能力を6%補助する。
RN26,勇気の星紋26,Valor,3,条件達成時に主要能力を7%補助する。
RN27,秘術の星紋27,Arcana,3,条件達成時に主要能力を8%補助する。
RN28,堅守の星紋28,Resolve,3,条件達成時に主要能力を2%補助する。
RN29,狡知の星紋29,Cunning,3,条件達成時に主要能力を3%補助する。
RN30,調和の星紋30,Harmony,3,条件達成時に主要能力を4%補助する。
