screen_id,name_ja,entry_condition,primary_actions,analytics_event
UI001,起動,通常導線または対象機能から遷移,表示・選択・確定・戻る,view_ui_001
UI002,年齢確認,通常導線または対象機能から遷移,表示・選択・確定・戻る,view_ui_002
UI003,利用規約,通常導線または対象機能から遷移,表示・選択・確定・戻る,view_ui_003
UI004,ログイン,通常導線または対象機能から遷移,表示・選択・確定・戻る,view_ui_004
UI005,アカウント連携,通常導線または対象機能から遷移,表示・選択・確定・戻る,view_ui_005
UI006,初回DL,通常導線または対象機能から遷移,表示・選択・確定・戻る,view_ui_006
UI007,ホーム,通常導線または対象機能から遷移,表示・選択・確定・戻る,view_ui_007
UI008,お知らせ,通常導線または対象機能から遷移,表示・選択・確定・戻る,view_ui_008
UI009,メール,通常導線または対象機能から遷移,表示・選択・確定・戻る,view_ui_009
UI010,フレンド,通常導線または対象機能から遷移,表示・選択・確定・戻る,view_ui_010
UI011,フレンド検索,通常導線または対象機能から遷移,表示・選択・確定・戻る,view_ui_011
UI012,チャット,通常導線または対象機能から遷移,表示・選択・確定・戻る,view_ui_012
UI013,パーティ,通常導線または対象機能から遷移,表示・選択・確定・戻る,view_ui_013
UI014,招待,通常導線または対象機能から遷移,表示・選択・確定・戻る,view_ui_014
UI015,プロフィール,通常導線または対象機能から遷移,表示・選択・確定・戻る,view_ui_015
UI016,戦績,通常導線または対象機能から遷移,表示・選択・確定・戻る,view_ui_016
UI017,実績,通常導線または対象機能から遷移,表示・選択・確定・戻る,view_ui_017
UI018,ランキング,通常導線または対象機能から遷移,表示・選択・確定・戻る,view_ui_018
UI019,ランク概要,通常導線または対象機能から遷移,表示・選択・確定・戻る,view_ui_019
UI020,ランク報酬,通常導線または対象機能から遷移,表示・選択・確定・戻る,view_ui_020
UI021,マッチ選択,通常導線または対象機能から遷移,表示・選択・確定・戻る,view_ui_021
UI022,ロビー,通常導線または対象機能から遷移,表示・選択・確定・戻る,view_ui_022
UI023,マッチング,通常導線または対象機能から遷移,表示・選択・確定・戻る,view_ui_023
UI024,ドラフト,通常導線または対象機能から遷移,表示・選択・確定・戻る,view_ui_024
UI025,ヒーロー選択,通常導線または対象機能から遷移,表示・選択・確定・戻る,view_ui_025
UI026,ロード,通常導線または対象機能から遷移,表示・選択・確定・戻る,view_ui_026
UI027,HUD,通常導線または対象機能から遷移,表示・選択・確定・戻る,view_ui_027
UI028,ショップ戦闘中,通常導線または対象機能から遷移,表示・選択・確定・戻る,view_ui_028
UI029,スコアボード,通常導線または対象機能から遷移,表示・選択・確定・戻る,view_ui_029
UI030,設定戦闘中,通常導線または対象機能から遷移,表示・選択・確定・戻る,view_ui_030
UI031,降参,通常導線または対象機能から遷移,表示・選択・確定・戻る,view_ui_031
UI032,リザルト,通常導線または対象機能から遷移,表示・選択・確定・戻る,view_ui_032
UI033,評価,通常導線または対象機能から遷移,表示・選択・確定・戻る,view_ui_033
UI034,通報,通常導線または対象機能から遷移,表示・選択・確定・戻る,view_ui_034
UI035,リプレイ,通常導線または対象機能から遷移,表示・選択・確定・戻る,view_ui_035
UI036,観戦,通常導線または対象機能から遷移,表示・選択・確定・戻る,view_ui_036
UI037,ヒーロー一覧,通常導線または対象機能から遷移,表示・選択・確定・戻る,view_ui_037
UI038,ヒーロー詳細,通常導線または対象機能から遷移,表示・選択・確定・戻る,view_ui_038
UI039,スキル詳細,通常導線または対象機能から遷移,表示・選択・確定・戻る,view_ui_039
UI040,装備一覧,通常導線または対象機能から遷移,表示・選択・確定・戻る,view_ui_040
UI041,装備詳細,通常導線または対象機能から遷移,表示・選択・確定・戻る,view_ui_041
UI042,ビルド編集,通常導線または対象機能から遷移,表示・選択・確定・戻る,view_ui_042
UI043,ルーン,通常導線または対象機能から遷移,表示・選択・確定・戻る,view_ui_043
UI044,スペル,通常導線または対象機能から遷移,表示・選択・確定・戻る,view_ui_044
UI045,ストアホーム,通常導線または対象機能から遷移,表示・選択・確定・戻る,view_ui_045
UI046,スキンストア,通常導線または対象機能から遷移,表示・選択・確定・戻る,view_ui_046
UI047,通貨購入,通常導線または対象機能から遷移,表示・選択・確定・戻る,view_ui_047
UI048,商品詳細,通常導線または対象機能から遷移,表示・選択・確定・戻る,view_ui_048
UI049,購入確認,通常導線または対象機能から遷移,表示・選択・確定・戻る,view_ui_049
UI050,購入完了,通常導線または対象機能から遷移,表示・選択・確定・戻る,view_ui_050
UI051,復元,通常導線または対象機能から遷移,表示・選択・確定・戻る,view_ui_051
UI052,イベント,通常導線または対象機能から遷移,表示・選択・確定・戻る,view_ui_052
UI053,イベント詳細,通常導線または対象機能から遷移,表示・選択・確定・戻る,view_ui_053
UI054,ミッション,通常導線または対象機能から遷移,表示・選択・確定・戻る,view_ui_054
UI055,バトルパス,通常導線または対象機能から遷移,表示・選択・確定・戻る,view_ui_055
UI056,報酬受取,通常導線または対象機能から遷移,表示・選択・確定・戻る,view_ui_056
UI057,インベントリ,通常導線または対象機能から遷移,表示・選択・確定・戻る,view_ui_057
UI058,コスメ,通常導線または対象機能から遷移,表示・選択・確定・戻る,view_ui_058
UI059,エモート,通常導線または対象機能から遷移,表示・選択・確定・戻る,view_ui_059
UI060,設定,通常導線または対象機能から遷移,表示・選択・確定・戻る,view_ui_060
UI061,操作設定,通常導線または対象機能から遷移,表示・選択・確定・戻る,view_ui_061
UI062,グラフィック,通常導線または対象機能から遷移,表示・選択・確定・戻る,view_ui_062
UI063,音声,通常導線または対象機能から遷移,表示・選択・確定・戻る,view_ui_063
UI064,言語,通常導線または対象機能から遷移,表示・選択・確定・戻る,view_ui_064
UI065,通知,通常導線または対象機能から遷移,表示・選択・確定・戻る,view_ui_065
UI066,プライバシー,通常導線または対象機能から遷移,表示・選択・確定・戻る,view_ui_066
UI067,サポート,通常導線または対象機能から遷移,表示・選択・確定・戻る,view_ui_067
UI068,FAQ,通常導線または対象機能から遷移,表示・選択・確定・戻る,view_ui_068
UI069,問い合わせ,通常導線または対象機能から遷移,表示・選択・確定・戻る,view_ui_069
UI070,パッチノート,通常導線または対象機能から遷移,表示・選択・確定・戻る,view_ui_070
UI071,チュートリアル,通常導線または対象機能から遷移,表示・選択・確定・戻る,view_ui_071
UI072,練習場,通常導線または対象機能から遷移,表示・選択・確定・戻る,view_ui_072
UI073,クレジット,通常導線または対象機能から遷移,表示・選択・確定・戻る,view_ui_073
