skill_id,hero_id,hero_name,slot,name_ja,damage_type,base_damage,scaling_attack,scaling_power,cooldown_sec,cost,range,radius,cc,effect_id,description
SK001_1,H001,城門の誓衛アルデン,Passive,不落の誓い,Magic,0,0,0,0,0,0,0,None,FX_SK_001_1,条件達成時に固有強化を得る。
SK001_2,H001,城門の誓衛アルデン,Skill1,Alden式・一閃,Magic,170,0.81,0.8,9.8,60,300,225,Knockback,FX_SK_001_2,指定方向へ効果を発生し、基礎170ダメージ。
SK001_3,H001,城門の誓衛アルデン,Skill2,星環シフト1,Magic,199,0.93,0.35,10.9,69,300,120,Root,FX_SK_001_3,指定方向へ効果を発生し、基礎199ダメージ。
SK001_4,H001,城門の誓衛アルデン,Skill3,境界制圧1,Magic,123,0.45,0.5,6.5,78,300,155,None,FX_SK_001_4,指定方向へ効果を発生し、基礎123ダメージ。
SK001_5,H001,城門の誓衛アルデン,Ultimate,第七門・閉鎖令,Magic,242,0.57,0.65,31.6,82,420,190,Slow,FX_SK_001_5,指定方向へ効果を発生し、基礎242ダメージ。
SK002_1,H002,星弦のリラ,Passive,星屑の調律,Physical,0,0,0,0,0,0,0,None,FX_SK_002_1,条件達成時に固有強化を得る。
SK002_2,H002,星弦のリラ,Skill1,Lyra式・一閃,Physical,187,0.93,0.35,10.9,67,300,120,Root,FX_SK_002_2,指定方向へ効果を発生し、基礎187ダメージ。
SK002_3,H002,星弦のリラ,Skill2,星環シフト2,Physical,111,0.45,0.5,6.5,76,300,155,None,FX_SK_002_3,指定方向へ効果を発生し、基礎111ダメージ。
SK002_4,H002,星弦のリラ,Skill3,境界制圧2,Physical,140,0.57,0.65,7.6,40,300,190,Slow,FX_SK_002_4,指定方向へ効果を発生し、基礎140ダメージ。
SK002_5,H002,星弦のリラ,Ultimate,天穹星弦,Physical,259,0.69,0.8,32.7,89,420,225,Stun,FX_SK_002_5,指定方向へ効果を発生し、基礎259ダメージ。
SK003_1,H003,灰刃のカエル,Passive,残火の刻印,Physical,0,0,0,0,0,0,0,None,FX_SK_003_1,条件達成時に固有強化を得る。
SK003_2,H003,灰刃のカエル,Skill1,Kael式・一閃,Physical,99,0.45,0.5,6.5,74,650,155,None,FX_SK_003_2,指定方向へ効果を発生し、基礎99ダメージ。
SK003_3,H003,灰刃のカエル,Skill2,星環シフト3,Physical,128,0.57,0.65,7.6,38,650,190,Slow,FX_SK_003_3,指定方向へ効果を発生し、基礎128ダメージ。
SK003_4,H003,灰刃のカエル,Skill3,境界制圧3,Physical,157,0.69,0.8,8.7,47,650,225,Stun,FX_SK_003_4,指定方向へ効果を発生し、基礎157ダメージ。
SK003_5,H003,灰刃のカエル,Ultimate,灰燼断界,Physical,276,0.81,0.35,33.8,96,770,120,Knockback,FX_SK_003_5,指定方向へ効果を発生し、基礎276ダメージ。
SK004_1,H004,潮祈のミレア,Passive,潮騒の加護,Magic,0,0,0,0,0,0,0,None,FX_SK_004_1,条件達成時に固有強化を得る。
SK004_2,H004,潮祈のミレア,Skill1,Mirea式・一閃,Magic,116,0.57,0.65,7.6,36,650,190,Slow,FX_SK_004_2,指定方向へ効果を発生し、基礎116ダメージ。
SK004_3,H004,潮祈のミレア,Skill2,星環シフト4,Magic,145,0.69,0.8,8.7,45,650,225,Stun,FX_SK_004_3,指定方向へ効果を発生し、基礎145ダメージ。
SK004_4,H004,潮祈のミレア,Skill3,境界制圧4,Magic,174,0.81,0.35,9.8,54,650,120,Knockback,FX_SK_004_4,指定方向へ効果を発生し、基礎174ダメージ。
SK004_5,H004,潮祈のミレア,Ultimate,大潮祈祷,Magic,188,0.93,0.5,34.9,103,770,155,Root,FX_SK_004_5,指定方向へ効果を発生し、基礎188ダメージ。
SK005_1,H005,黒雷のヴォス,Passive,雷脈充填,Magic,0,0,0,0,0,0,0,None,FX_SK_005_1,条件達成時に固有強化を得る。
SK005_2,H005,黒雷のヴォス,Skill1,Voss式・一閃,Magic,133,0.69,0.8,8.7,43,650,225,Stun,FX_SK_005_2,指定方向へ効果を発生し、基礎133ダメージ。
SK005_3,H005,黒雷のヴォス,Skill2,星環シフト5,Magic,162,0.81,0.35,9.8,52,650,120,Knockback,FX_SK_005_3,指定方向へ効果を発生し、基礎162ダメージ。
SK005_4,H005,黒雷のヴォス,Skill3,境界制圧5,Magic,191,0.93,0.5,10.9,61,650,155,Root,FX_SK_005_4,指定方向へ効果を発生し、基礎191ダメージ。
SK005_5,H005,黒雷のヴォス,Ultimate,黒雷天墜,Magic,205,0.45,0.65,30.5,110,770,190,None,FX_SK_005_5,指定方向へ効果を発生し、基礎205ダメージ。
SK006_1,H006,月灯のセレン,Passive,月影の灯,Physical,0,0,0,0,0,0,0,None,FX_SK_006_1,条件達成時に固有強化を得る。
SK006_2,H006,月灯のセレン,Skill1,Seren式・一閃,Physical,150,0.81,0.35,9.8,50,650,120,Knockback,FX_SK_006_2,指定方向へ効果を発生し、基礎150ダメージ。
SK006_3,H006,月灯のセレン,Skill2,星環シフト6,Physical,179,0.93,0.5,10.9,59,650,155,Root,FX_SK_006_3,指定方向へ効果を発生し、基礎179ダメージ。
SK006_4,H006,月灯のセレン,Skill3,境界制圧6,Physical,103,0.45,0.65,6.5,68,650,190,None,FX_SK_006_4,指定方向へ効果を発生し、基礎103ダメージ。
SK006_5,H006,月灯のセレン,Ultimate,満月灯界,Physical,222,0.57,0.8,31.6,117,770,225,Slow,FX_SK_006_5,指定方向へ効果を発生し、基礎222ダメージ。
SK007_1,H007,岩脈のガルク,Passive,岩心,Magic,0,0,0,0,0,0,0,None,FX_SK_007_1,条件達成時に固有強化を得る。
SK007_2,H007,岩脈のガルク,Skill1,Garruk式・一閃,Magic,167,0.93,0.5,10.9,57,300,155,Root,FX_SK_007_2,指定方向へ効果を発生し、基礎167ダメージ。
SK007_3,H007,岩脈のガルク,Skill2,星環シフト7,Magic,196,0.45,0.65,6.5,66,300,190,None,FX_SK_007_3,指定方向へ効果を発生し、基礎196ダメージ。
SK007_4,H007,岩脈のガルク,Skill3,境界制圧7,Magic,120,0.57,0.8,7.6,75,300,225,Slow,FX_SK_007_4,指定方向へ効果を発生し、基礎120ダメージ。
SK007_5,H007,岩脈のガルク,Ultimate,地脈隆起,Magic,239,0.69,0.35,32.7,79,420,120,Stun,FX_SK_007_5,指定方向へ効果を発生し、基礎239ダメージ。
SK008_1,H008,風標のニア,Passive,追い風,Physical,0,0,0,0,0,0,0,None,FX_SK_008_1,条件達成時に固有強化を得る。
SK008_2,H008,風標のニア,Skill1,Nia式・一閃,Physical,184,0.45,0.65,6.5,64,300,190,None,FX_SK_008_2,指定方向へ効果を発生し、基礎184ダメージ。
SK008_3,H008,風標のニア,Skill2,星環シフト8,Physical,108,0.57,0.8,7.6,73,300,225,Slow,FX_SK_008_3,指定方向へ効果を発生し、基礎108ダメージ。
SK008_4,H008,風標のニア,Skill3,境界制圧8,Physical,137,0.69,0.35,8.7,37,300,120,Stun,FX_SK_008_4,指定方向へ効果を発生し、基礎137ダメージ。
SK008_5,H008,風標のニア,Ultimate,風界標定,Physical,256,0.81,0.5,33.8,86,420,155,Knockback,FX_SK_008_5,指定方向へ効果を発生し、基礎256ダメージ。
SK009_1,H009,機巧士オリン,Passive,過給機構,Physical,0,0,0,0,0,0,0,None,FX_SK_009_1,条件達成時に固有強化を得る。
SK009_2,H009,機巧士オリン,Skill1,Orin式・一閃,Physical,96,0.57,0.8,7.6,71,650,225,Slow,FX_SK_009_2,指定方向へ効果を発生し、基礎96ダメージ。
SK009_3,H009,機巧士オリン,Skill2,星環シフト9,Physical,125,0.69,0.35,8.7,35,650,120,Stun,FX_SK_009_3,指定方向へ効果を発生し、基礎125ダメージ。
SK009_4,H009,機巧士オリン,Skill3,境界制圧9,Physical,154,0.81,0.5,9.8,44,650,155,Knockback,FX_SK_009_4,指定方向へ効果を発生し、基礎154ダメージ。
SK009_5,H009,機巧士オリン,Ultimate,零式過給,Physical,273,0.93,0.65,34.9,93,770,190,Root,FX_SK_009_5,指定方向へ効果を発生し、基礎273ダメージ。
SK010_1,H010,焔冠のテッサ,Passive,燃焼冠,Magic,0,0,0,0,0,0,0,None,FX_SK_010_1,条件達成時に固有強化を得る。
SK010_2,H010,焔冠のテッサ,Skill1,Thessa式・一閃,Magic,113,0.69,0.35,8.7,78,650,120,Stun,FX_SK_010_2,指定方向へ効果を発生し、基礎113ダメージ。
SK010_3,H010,焔冠のテッサ,Skill2,星環シフト10,Magic,142,0.81,0.5,9.8,42,650,155,Knockback,FX_SK_010_3,指定方向へ効果を発生し、基礎142ダメージ。
SK010_4,H010,焔冠のテッサ,Skill3,境界制圧10,Magic,171,0.93,0.65,10.9,51,650,190,Root,FX_SK_010_4,指定方向へ効果を発生し、基礎171ダメージ。
SK010_5,H010,焔冠のテッサ,Ultimate,焔冠戴天,Magic,185,0.45,0.8,30.5,100,770,225,None,FX_SK_010_5,指定方向へ効果を発生し、基礎185ダメージ。
SK011_1,H011,鉄翼のルーク,Passive,翼装展開,Magic,0,0,0,0,0,0,0,None,FX_SK_011_1,条件達成時に固有強化を得る。
SK011_2,H011,鉄翼のルーク,Skill1,Rook式・一閃,Magic,130,0.81,0.5,9.8,40,650,155,Knockback,FX_SK_011_2,指定方向へ効果を発生し、基礎130ダメージ。
SK011_3,H011,鉄翼のルーク,Skill2,星環シフト11,Magic,159,0.93,0.65,10.9,49,650,190,Root,FX_SK_011_3,指定方向へ効果を発生し、基礎159ダメージ。
SK011_4,H011,鉄翼のルーク,Skill3,境界制圧11,Magic,188,0.45,0.8,6.5,58,650,225,None,FX_SK_011_4,指定方向へ効果を発生し、基礎188ダメージ。
SK011_5,H011,鉄翼のルーク,Ultimate,鉄翼急襲,Magic,202,0.57,0.35,31.6,107,770,120,Slow,FX_SK_011_5,指定方向へ効果を発生し、基礎202ダメージ。
SK012_1,H012,玻璃歌のエリネ,Passive,共鳴硝子,Physical,0,0,0,0,0,0,0,None,FX_SK_012_1,条件達成時に固有強化を得る。
SK012_2,H012,玻璃歌のエリネ,Skill1,Elyne式・一閃,Physical,147,0.93,0.65,10.9,47,650,190,Root,FX_SK_012_2,指定方向へ効果を発生し、基礎147ダメージ。
SK012_3,H012,玻璃歌のエリネ,Skill2,星環シフト12,Physical,176,0.45,0.8,6.5,56,650,225,None,FX_SK_012_3,指定方向へ効果を発生し、基礎176ダメージ。
SK012_4,H012,玻璃歌のエリネ,Skill3,境界制圧12,Physical,100,0.57,0.35,7.6,65,650,120,Slow,FX_SK_012_4,指定方向へ効果を発生し、基礎100ダメージ。
SK012_5,H012,玻璃歌のエリネ,Ultimate,玻璃大合唱,Physical,219,0.69,0.5,32.7,114,770,155,Stun,FX_SK_012_5,指定方向へ効果を発生し、基礎219ダメージ。
SK013_1,H013,獣刻のダガン,Passive,獣性解放,Magic,0,0,0,0,0,0,0,None,FX_SK_013_1,条件達成時に固有強化を得る。
SK013_2,H013,獣刻のダガン,Skill1,Dagan式・一閃,Magic,164,0.45,0.8,6.5,54,300,225,None,FX_SK_013_2,指定方向へ効果を発生し、基礎164ダメージ。
SK013_3,H013,獣刻のダガン,Skill2,星環シフト13,Magic,193,0.57,0.35,7.6,63,300,120,Slow,FX_SK_013_3,指定方向へ効果を発生し、基礎193ダメージ。
SK013_4,H013,獣刻のダガン,Skill3,境界制圧13,Magic,117,0.69,0.5,8.7,72,300,155,Stun,FX_SK_013_4,指定方向へ効果を発生し、基礎117ダメージ。
SK013_5,H013,獣刻のダガン,Ultimate,獣王刻印,Magic,236,0.81,0.65,33.8,76,420,190,Knockback,FX_SK_013_5,指定方向へ効果を発生し、基礎236ダメージ。
SK014_1,H014,霧歩のシオ,Passive,薄霧,Physical,0,0,0,0,0,0,0,None,FX_SK_014_1,条件達成時に固有強化を得る。
SK014_2,H014,霧歩のシオ,Skill1,Sio式・一閃,Physical,181,0.57,0.35,7.6,61,300,120,Slow,FX_SK_014_2,指定方向へ効果を発生し、基礎181ダメージ。
SK014_3,H014,霧歩のシオ,Skill2,星環シフト14,Physical,105,0.69,0.5,8.7,70,300,155,Stun,FX_SK_014_3,指定方向へ効果を発生し、基礎105ダメージ。
SK014_4,H014,霧歩のシオ,Skill3,境界制圧14,Physical,134,0.81,0.65,9.8,79,300,190,Knockback,FX_SK_014_4,指定方向へ効果を発生し、基礎134ダメージ。
SK014_5,H014,霧歩のシオ,Ultimate,霧界歩法,Physical,253,0.93,0.8,34.9,83,420,225,Root,FX_SK_014_5,指定方向へ効果を発生し、基礎253ダメージ。
SK015_1,H015,戦鐘のヴァルカ,Passive,戦意共鳴,Physical,0,0,0,0,0,0,0,None,FX_SK_015_1,条件達成時に固有強化を得る。
SK015_2,H015,戦鐘のヴァルカ,Skill1,Valka式・一閃,Physical,198,0.69,0.5,8.7,68,650,155,Stun,FX_SK_015_2,指定方向へ効果を発生し、基礎198ダメージ。
SK015_3,H015,戦鐘のヴァルカ,Skill2,星環シフト15,Physical,122,0.81,0.65,9.8,77,650,190,Knockback,FX_SK_015_3,指定方向へ効果を発生し、基礎122ダメージ。
SK015_4,H015,戦鐘のヴァルカ,Skill3,境界制圧15,Physical,151,0.93,0.8,10.9,41,650,225,Root,FX_SK_015_4,指定方向へ効果を発生し、基礎151ダメージ。
SK015_5,H015,戦鐘のヴァルカ,Ultimate,終戦の鐘,Physical,270,0.45,0.35,30.5,90,770,120,None,FX_SK_015_5,指定方向へ効果を発生し、基礎270ダメージ。
SK016_1,H016,白環のイリス,Passive,白環結界,Magic,0,0,0,0,0,0,0,None,FX_SK_016_1,条件達成時に固有強化を得る。
SK016_2,H016,白環のイリス,Skill1,Iris式・一閃,Magic,110,0.81,0.65,9.8,75,650,190,Knockback,FX_SK_016_2,指定方向へ効果を発生し、基礎110ダメージ。
SK016_3,H016,白環のイリス,Skill2,星環シフト16,Magic,139,0.93,0.8,10.9,39,650,225,Root,FX_SK_016_3,指定方向へ効果を発生し、基礎139ダメージ。
SK016_4,H016,白環のイリス,Skill3,境界制圧16,Magic,168,0.45,0.35,6.5,48,650,120,None,FX_SK_016_4,指定方向へ効果を発生し、基礎168ダメージ。
SK016_5,H016,白環のイリス,Ultimate,白環再生,Magic,287,0.57,0.5,31.6,97,770,155,Slow,FX_SK_016_5,指定方向へ効果を発生し、基礎287ダメージ。
SK017_1,H017,深淵鎖のモルド,Passive,深鎖,Magic,0,0,0,0,0,0,0,None,FX_SK_017_1,条件達成時に固有強化を得る。
SK017_2,H017,深淵鎖のモルド,Skill1,Mord式・一閃,Magic,127,0.93,0.8,10.9,37,650,225,Root,FX_SK_017_2,指定方向へ効果を発生し、基礎127ダメージ。
SK017_3,H017,深淵鎖のモルド,Skill2,星環シフト17,Magic,156,0.45,0.35,6.5,46,650,120,None,FX_SK_017_3,指定方向へ効果を発生し、基礎156ダメージ。
SK017_4,H017,深淵鎖のモルド,Skill3,境界制圧17,Magic,185,0.57,0.5,7.6,55,650,155,Slow,FX_SK_017_4,指定方向へ効果を発生し、基礎185ダメージ。
SK017_5,H017,深淵鎖のモルド,Ultimate,深淵拘束,Magic,199,0.69,0.65,32.7,104,770,190,Stun,FX_SK_017_5,指定方向へ効果を発生し、基礎199ダメージ。
SK018_1,H018,花星のセリア,Passive,花星循環,Physical,0,0,0,0,0,0,0,None,FX_SK_018_1,条件達成時に固有強化を得る。
SK018_2,H018,花星のセリア,Skill1,Celia式・一閃,Physical,144,0.45,0.35,6.5,44,650,120,None,FX_SK_018_2,指定方向へ効果を発生し、基礎144ダメージ。
SK018_3,H018,花星のセリア,Skill2,星環シフト18,Physical,173,0.57,0.5,7.6,53,650,155,Slow,FX_SK_018_3,指定方向へ効果を発生し、基礎173ダメージ。
SK018_4,H018,花星のセリア,Skill3,境界制圧18,Physical,97,0.69,0.65,8.7,62,650,190,Stun,FX_SK_018_4,指定方向へ効果を発生し、基礎97ダメージ。
SK018_5,H018,花星のセリア,Ultimate,花星満開,Physical,216,0.81,0.8,33.8,111,770,225,Knockback,FX_SK_018_5,指定方向へ効果を発生し、基礎216ダメージ。
SK019_1,H019,砦砕のブラム,Passive,破城衝動,Magic,0,0,0,0,0,0,0,None,FX_SK_019_1,条件達成時に固有強化を得る。
SK019_2,H019,砦砕のブラム,Skill1,Bram式・一閃,Magic,161,0.57,0.5,7.6,51,300,155,Slow,FX_SK_019_2,指定方向へ効果を発生し、基礎161ダメージ。
SK019_3,H019,砦砕のブラム,Skill2,星環シフト19,Magic,190,0.69,0.65,8.7,60,300,190,Stun,FX_SK_019_3,指定方向へ効果を発生し、基礎190ダメージ。
SK019_4,H019,砦砕のブラム,Skill3,境界制圧19,Magic,114,0.81,0.8,9.8,69,300,225,Knockback,FX_SK_019_4,指定方向へ効果を発生し、基礎114ダメージ。
SK019_5,H019,砦砕のブラム,Ultimate,城壁崩し,Magic,233,0.93,0.35,34.9,118,420,120,Root,FX_SK_019_5,指定方向へ効果を発生し、基礎233ダメージ。
SK020_1,H020,光矢のユナ,Passive,光標,Physical,0,0,0,0,0,0,0,None,FX_SK_020_1,条件達成時に固有強化を得る。
SK020_2,H020,光矢のユナ,Skill1,Yuna式・一閃,Physical,178,0.69,0.65,8.7,58,300,190,Stun,FX_SK_020_2,指定方向へ効果を発生し、基礎178ダメージ。
SK020_3,H020,光矢のユナ,Skill2,星環シフト20,Physical,102,0.81,0.8,9.8,67,300,225,Knockback,FX_SK_020_3,指定方向へ効果を発生し、基礎102ダメージ。
SK020_4,H020,光矢のユナ,Skill3,境界制圧20,Physical,131,0.93,0.35,10.9,76,300,120,Root,FX_SK_020_4,指定方向へ効果を発生し、基礎131ダメージ。
SK020_5,H020,光矢のユナ,Ultimate,光矢流星,Physical,250,0.45,0.5,30.5,80,420,155,None,FX_SK_020_5,指定方向へ効果を発生し、基礎250ダメージ。
SK021_1,H021,時砂のキロス,Passive,時砂残響,Physical,0,0,0,0,0,0,0,None,FX_SK_021_1,条件達成時に固有強化を得る。
SK021_2,H021,時砂のキロス,Skill1,Kiros式・一閃,Physical,195,0.81,0.8,9.8,65,650,225,Knockback,FX_SK_021_2,指定方向へ効果を発生し、基礎195ダメージ。
SK021_3,H021,時砂のキロス,Skill2,星環シフト21,Physical,119,0.93,0.35,10.9,74,650,120,Root,FX_SK_021_3,指定方向へ効果を発生し、基礎119ダメージ。
SK021_4,H021,時砂のキロス,Skill3,境界制圧21,Physical,148,0.45,0.5,6.5,38,650,155,None,FX_SK_021_4,指定方向へ効果を発生し、基礎148ダメージ。
SK021_5,H021,時砂のキロス,Ultimate,時砂逆転,Physical,267,0.57,0.65,31.6,87,770,190,Slow,FX_SK_021_5,指定方向へ効果を発生し、基礎267ダメージ。
SK022_1,H022,蒼爪のレア,Passive,蒼爪連舞,Magic,0,0,0,0,0,0,0,None,FX_SK_022_1,条件達成時に固有強化を得る。
SK022_2,H022,蒼爪のレア,Skill1,Rhea式・一閃,Magic,107,0.93,0.35,10.9,72,650,120,Root,FX_SK_022_2,指定方向へ効果を発生し、基礎107ダメージ。
SK022_3,H022,蒼爪のレア,Skill2,星環シフト22,Magic,136,0.45,0.5,6.5,36,650,155,None,FX_SK_022_3,指定方向へ効果を発生し、基礎136ダメージ。
SK022_4,H022,蒼爪のレア,Skill3,境界制圧22,Magic,165,0.57,0.65,7.6,45,650,190,Slow,FX_SK_022_4,指定方向へ効果を発生し、基礎165ダメージ。
SK022_5,H022,蒼爪のレア,Ultimate,蒼爪月輪,Magic,284,0.69,0.8,32.7,94,770,225,Stun,FX_SK_022_5,指定方向へ効果を発生し、基礎284ダメージ。
SK023_1,H023,雷槍のトレン,Passive,帯電槍,Magic,0,0,0,0,0,0,0,None,FX_SK_023_1,条件達成時に固有強化を得る。
SK023_2,H023,雷槍のトレン,Skill1,Toren式・一閃,Magic,124,0.45,0.5,6.5,79,650,155,None,FX_SK_023_2,指定方向へ効果を発生し、基礎124ダメージ。
SK023_3,H023,雷槍のトレン,Skill2,星環シフト23,Magic,153,0.57,0.65,7.6,43,650,190,Slow,FX_SK_023_3,指定方向へ効果を発生し、基礎153ダメージ。
SK023_4,H023,雷槍のトレン,Skill3,境界制圧23,Magic,182,0.69,0.8,8.7,52,650,225,Stun,FX_SK_023_4,指定方向へ効果を発生し、基礎182ダメージ。
SK023_5,H023,雷槍のトレン,Ultimate,雷槍天穿,Magic,196,0.81,0.35,33.8,101,770,120,Knockback,FX_SK_023_5,指定方向へ効果を発生し、基礎196ダメージ。
SK024_1,H024,夢織のノア,Passive,夢糸,Physical,0,0,0,0,0,0,0,None,FX_SK_024_1,条件達成時に固有強化を得る。
SK024_2,H024,夢織のノア,Skill1,Noa式・一閃,Physical,141,0.57,0.65,7.6,41,650,190,Slow,FX_SK_024_2,指定方向へ効果を発生し、基礎141ダメージ。
SK024_3,H024,夢織のノア,Skill2,星環シフト24,Physical,170,0.69,0.8,8.7,50,650,225,Stun,FX_SK_024_3,指定方向へ効果を発生し、基礎170ダメージ。
SK024_4,H024,夢織のノア,Skill3,境界制圧24,Physical,199,0.81,0.35,9.8,59,650,120,Knockback,FX_SK_024_4,指定方向へ効果を発生し、基礎199ダメージ。
SK024_5,H024,夢織のノア,Ultimate,夢界縫合,Physical,213,0.93,0.5,34.9,108,770,155,Root,FX_SK_024_5,指定方向へ効果を発生し、基礎213ダメージ。
