sku,name_ja,type,currency,price,grant_id,purchase_limit,refund_policy,duplicate_policy,competitive_power
SKU001,城門の誓衛アルデン HeroSkin 1,Cosmetic,AstralGem,120,CO001,1,未消費・プラットフォーム規約の範囲で処理,所有済みの場合は購入不可または同価値通貨へ変換（商品設定で固定）,0
SKU002,星弦のリラ Recall 1,Cosmetic,AstralGem,260,CO002,1,未消費・プラットフォーム規約の範囲で処理,所有済みの場合は購入不可または同価値通貨へ変換（商品設定で固定）,0
SKU003,灰刃のカエル Spawn 1,Cosmetic,AstralGem,520,CO003,1,未消費・プラットフォーム規約の範囲で処理,所有済みの場合は購入不可または同価値通貨へ変換（商品設定で固定）,0
SKU004,潮祈のミレア Emote 1,Cosmetic,AstralGem,880,CO004,1,未消費・プラットフォーム規約の範囲で処理,所有済みの場合は購入不可または同価値通貨へ変換（商品設定で固定）,0
SKU005,黒雷のヴォス AvatarFrame 1,Cosmetic,AstralGem,120,CO005,1,未消費・プラットフォーム規約の範囲で処理,所有済みの場合は購入不可または同価値通貨へ変換（商品設定で固定）,0
SKU006,月灯のセレン KillEffect 1,Cosmetic,AstralGem,260,CO006,1,未消費・プラットフォーム規約の範囲で処理,所有済みの場合は購入不可または同価値通貨へ変換（商品設定で固定）,0
SKU007,岩脈のガルク HeroSkin 1,Cosmetic,AstralGem,520,CO007,1,未消費・プラットフォーム規約の範囲で処理,所有済みの場合は購入不可または同価値通貨へ変換（商品設定で固定）,0
SKU008,風標のニア Recall 1,Cosmetic,AstralGem,880,CO008,1,未消費・プラットフォーム規約の範囲で処理,所有済みの場合は購入不可または同価値通貨へ変換（商品設定で固定）,0
SKU009,機巧士オリン Spawn 1,Cosmetic,AstralGem,120,CO009,1,未消費・プラットフォーム規約の範囲で処理,所有済みの場合は購入不可または同価値通貨へ変換（商品設定で固定）,0
SKU010,焔冠のテッサ Emote 1,Cosmetic,AstralGem,260,CO010,1,未消費・プラットフォーム規約の範囲で処理,所有済みの場合は購入不可または同価値通貨へ変換（商品設定で固定）,0
SKU011,鉄翼のルーク AvatarFrame 1,Cosmetic,AstralGem,520,CO011,1,未消費・プラットフォーム規約の範囲で処理,所有済みの場合は購入不可または同価値通貨へ変換（商品設定で固定）,0
SKU012,玻璃歌のエリネ KillEffect 1,Cosmetic,AstralGem,880,CO012,1,未消費・プラットフォーム規約の範囲で処理,所有済みの場合は購入不可または同価値通貨へ変換（商品設定で固定）,0
SKU013,獣刻のダガン HeroSkin 1,Cosmetic,AstralGem,120,CO013,1,未消費・プラットフォーム規約の範囲で処理,所有済みの場合は購入不可または同価値通貨へ変換（商品設定で固定）,0
SKU014,霧歩のシオ Recall 1,Cosmetic,AstralGem,260,CO014,1,未消費・プラットフォーム規約の範囲で処理,所有済みの場合は購入不可または同価値通貨へ変換（商品設定で固定）,0
SKU015,戦鐘のヴァルカ Spawn 1,Cosmetic,AstralGem,520,CO015,1,未消費・プラットフォーム規約の範囲で処理,所有済みの場合は購入不可または同価値通貨へ変換（商品設定で固定）,0
SKU016,白環のイリス Emote 1,Cosmetic,AstralGem,880,CO016,1,未消費・プラットフォーム規約の範囲で処理,所有済みの場合は購入不可または同価値通貨へ変換（商品設定で固定）,0
SKU017,深淵鎖のモルド AvatarFrame 1,Cosmetic,AstralGem,120,CO017,1,未消費・プラットフォーム規約の範囲で処理,所有済みの場合は購入不可または同価値通貨へ変換（商品設定で固定）,0
SKU018,花星のセリア KillEffect 1,Cosmetic,AstralGem,260,CO018,1,未消費・プラットフォーム規約の範囲で処理,所有済みの場合は購入不可または同価値通貨へ変換（商品設定で固定）,0
SKU019,砦砕のブラム HeroSkin 1,Cosmetic,AstralGem,520,CO019,1,未消費・プラットフォーム規約の範囲で処理,所有済みの場合は購入不可または同価値通貨へ変換（商品設定で固定）,0
SKU020,光矢のユナ Recall 1,Cosmetic,AstralGem,880,CO020,1,未消費・プラットフォーム規約の範囲で処理,所有済みの場合は購入不可または同価値通貨へ変換（商品設定で固定）,0
SKU021,時砂のキロス Spawn 1,Cosmetic,AstralGem,120,CO021,1,未消費・プラットフォーム規約の範囲で処理,所有済みの場合は購入不可または同価値通貨へ変換（商品設定で固定）,0
SKU022,蒼爪のレア Emote 1,Cosmetic,AstralGem,260,CO022,1,未消費・プラットフォーム規約の範囲で処理,所有済みの場合は購入不可または同価値通貨へ変換（商品設定で固定）,0
SKU023,雷槍のトレン AvatarFrame 1,Cosmetic,AstralGem,520,CO023,1,未消費・プラットフォーム規約の範囲で処理,所有済みの場合は購入不可または同価値通貨へ変換（商品設定で固定）,0
SKU024,夢織のノア KillEffect 1,Cosmetic,AstralGem,880,CO024,1,未消費・プラットフォーム規約の範囲で処理,所有済みの場合は購入不可または同価値通貨へ変換（商品設定で固定）,0
SKU025,城門の誓衛アルデン HeroSkin 2,Cosmetic,AstralGem,120,CO025,1,未消費・プラットフォーム規約の範囲で処理,所有済みの場合は購入不可または同価値通貨へ変換（商品設定で固定）,0
SKU026,星弦のリラ Recall 2,Cosmetic,AstralGem,260,CO026,1,未消費・プラットフォーム規約の範囲で処理,所有済みの場合は購入不可または同価値通貨へ変換（商品設定で固定）,0
SKU027,灰刃のカエル Spawn 2,Cosmetic,AstralGem,520,CO027,1,未消費・プラットフォーム規約の範囲で処理,所有済みの場合は購入不可または同価値通貨へ変換（商品設定で固定）,0
SKU028,潮祈のミレア Emote 2,Cosmetic,AstralGem,880,CO028,1,未消費・プラットフォーム規約の範囲で処理,所有済みの場合は購入不可または同価値通貨へ変換（商品設定で固定）,0
SKU029,黒雷のヴォス AvatarFrame 2,Cosmetic,AstralGem,120,CO029,1,未消費・プラットフォーム規約の範囲で処理,所有済みの場合は購入不可または同価値通貨へ変換（商品設定で固定）,0
SKU030,月灯のセレン KillEffect 2,Cosmetic,AstralGem,260,CO030,1,未消費・プラットフォーム規約の範囲で処理,所有済みの場合は購入不可または同価値通貨へ変換（商品設定で固定）,0
SKU031,岩脈のガルク HeroSkin 2,Cosmetic,AstralGem,520,CO031,1,未消費・プラットフォーム規約の範囲で処理,所有済みの場合は購入不可または同価値通貨へ変換（商品設定で固定）,0
SKU032,風標のニア Recall 2,Cosmetic,AstralGem,880,CO032,1,未消費・プラットフォーム規約の範囲で処理,所有済みの場合は購入不可または同価値通貨へ変換（商品設定で固定）,0
SKU033,機巧士オリン Spawn 2,Cosmetic,AstralGem,120,CO033,1,未消費・プラットフォーム規約の範囲で処理,所有済みの場合は購入不可または同価値通貨へ変換（商品設定で固定）,0
SKU034,焔冠のテッサ Emote 2,Cosmetic,AstralGem,260,CO034,1,未消費・プラットフォーム規約の範囲で処理,所有済みの場合は購入不可または同価値通貨へ変換（商品設定で固定）,0
SKU035,鉄翼のルーク AvatarFrame 2,Cosmetic,AstralGem,520,CO035,1,未消費・プラットフォーム規約の範囲で処理,所有済みの場合は購入不可または同価値通貨へ変換（商品設定で固定）,0
SKU036,玻璃歌のエリネ KillEffect 2,Cosmetic,AstralGem,880,CO036,1,未消費・プラットフォーム規約の範囲で処理,所有済みの場合は購入不可または同価値通貨へ変換（商品設定で固定）,0
SKU037,獣刻のダガン HeroSkin 2,Cosmetic,AstralGem,120,CO037,1,未消費・プラットフォーム規約の範囲で処理,所有済みの場合は購入不可または同価値通貨へ変換（商品設定で固定）,0
SKU038,霧歩のシオ Recall 2,Cosmetic,AstralGem,260,CO038,1,未消費・プラットフォーム規約の範囲で処理,所有済みの場合は購入不可または同価値通貨へ変換（商品設定で固定）,0
SKU039,戦鐘のヴァルカ Spawn 2,Cosmetic,AstralGem,520,CO039,1,未消費・プラットフォーム規約の範囲で処理,所有済みの場合は購入不可または同価値通貨へ変換（商品設定で固定）,0
SKU040,白環のイリス Emote 2,Cosmetic,AstralGem,880,CO040,1,未消費・プラットフォーム規約の範囲で処理,所有済みの場合は購入不可または同価値通貨へ変換（商品設定で固定）,0
SKU041,深淵鎖のモルド AvatarFrame 2,Cosmetic,AstralGem,120,CO041,1,未消費・プラットフォーム規約の範囲で処理,所有済みの場合は購入不可または同価値通貨へ変換（商品設定で固定）,0
SKU042,花星のセリア KillEffect 2,Cosmetic,AstralGem,260,CO042,1,未消費・プラットフォーム規約の範囲で処理,所有済みの場合は購入不可または同価値通貨へ変換（商品設定で固定）,0
SKU043,砦砕のブラム HeroSkin 2,Cosmetic,AstralGem,520,CO043,1,未消費・プラットフォーム規約の範囲で処理,所有済みの場合は購入不可または同価値通貨へ変換（商品設定で固定）,0
SKU044,光矢のユナ Recall 2,Cosmetic,AstralGem,880,CO044,1,未消費・プラットフォーム規約の範囲で処理,所有済みの場合は購入不可または同価値通貨へ変換（商品設定で固定）,0
SKU045,時砂のキロス Spawn 2,Cosmetic,AstralGem,120,CO045,1,未消費・プラットフォーム規約の範囲で処理,所有済みの場合は購入不可または同価値通貨へ変換（商品設定で固定）,0
SKU046,蒼爪のレア Emote 2,Cosmetic,AstralGem,260,CO046,1,未消費・プラットフォーム規約の範囲で処理,所有済みの場合は購入不可または同価値通貨へ変換（商品設定で固定）,0
SKU047,雷槍のトレン AvatarFrame 2,Cosmetic,AstralGem,520,CO047,1,未消費・プラットフォーム規約の範囲で処理,所有済みの場合は購入不可または同価値通貨へ変換（商品設定で固定）,0
SKU048,夢織のノア KillEffect 2,Cosmetic,AstralGem,880,CO048,1,未消費・プラットフォーム規約の範囲で処理,所有済みの場合は購入不可または同価値通貨へ変換（商品設定で固定）,0
SKU049,城門の誓衛アルデン HeroSkin 3,Cosmetic,AstralGem,120,CO049,1,未消費・プラットフォーム規約の範囲で処理,所有済みの場合は購入不可または同価値通貨へ変換（商品設定で固定）,0
SKU050,星弦のリラ Recall 3,Cosmetic,AstralGem,260,CO050,1,未消費・プラットフォーム規約の範囲で処理,所有済みの場合は購入不可または同価値通貨へ変換（商品設定で固定）,0
SKU051,灰刃のカエル Spawn 3,Cosmetic,AstralGem,520,CO051,1,未消費・プラットフォーム規約の範囲で処理,所有済みの場合は購入不可または同価値通貨へ変換（商品設定で固定）,0
SKU052,潮祈のミレア Emote 3,Cosmetic,AstralGem,880,CO052,1,未消費・プラットフォーム規約の範囲で処理,所有済みの場合は購入不可または同価値通貨へ変換（商品設定で固定）,0
SKU053,黒雷のヴォス AvatarFrame 3,Cosmetic,AstralGem,120,CO053,1,未消費・プラットフォーム規約の範囲で処理,所有済みの場合は購入不可または同価値通貨へ変換（商品設定で固定）,0
SKU054,月灯のセレン KillEffect 3,Cosmetic,AstralGem,260,CO054,1,未消費・プラットフォーム規約の範囲で処理,所有済みの場合は購入不可または同価値通貨へ変換（商品設定で固定）,0
SKU055,岩脈のガルク HeroSkin 3,Cosmetic,AstralGem,520,CO055,1,未消費・プラットフォーム規約の範囲で処理,所有済みの場合は購入不可または同価値通貨へ変換（商品設定で固定）,0
SKU056,風標のニア Recall 3,Cosmetic,AstralGem,880,CO056,1,未消費・プラットフォーム規約の範囲で処理,所有済みの場合は購入不可または同価値通貨へ変換（商品設定で固定）,0
SKU057,機巧士オリン Spawn 3,Cosmetic,AstralGem,120,CO057,1,未消費・プラットフォーム規約の範囲で処理,所有済みの場合は購入不可または同価値通貨へ変換（商品設定で固定）,0
SKU058,焔冠のテッサ Emote 3,Cosmetic,AstralGem,260,CO058,1,未消費・プラットフォーム規約の範囲で処理,所有済みの場合は購入不可または同価値通貨へ変換（商品設定で固定）,0
SKU059,鉄翼のルーク AvatarFrame 3,Cosmetic,AstralGem,520,CO059,1,未消費・プラットフォーム規約の範囲で処理,所有済みの場合は購入不可または同価値通貨へ変換（商品設定で固定）,0
SKU060,玻璃歌のエリネ KillEffect 3,Cosmetic,AstralGem,880,CO060,1,未消費・プラットフォーム規約の範囲で処理,所有済みの場合は購入不可または同価値通貨へ変換（商品設定で固定）,0
SKU061,獣刻のダガン HeroSkin 3,Cosmetic,AstralGem,120,CO061,1,未消費・プラットフォーム規約の範囲で処理,所有済みの場合は購入不可または同価値通貨へ変換（商品設定で固定）,0
SKU062,霧歩のシオ Recall 3,Cosmetic,AstralGem,260,CO062,1,未消費・プラットフォーム規約の範囲で処理,所有済みの場合は購入不可または同価値通貨へ変換（商品設定で固定）,0
SKU063,戦鐘のヴァルカ Spawn 3,Cosmetic,AstralGem,520,CO063,1,未消費・プラットフォーム規約の範囲で処理,所有済みの場合は購入不可または同価値通貨へ変換（商品設定で固定）,0
SKU064,白環のイリス Emote 3,Cosmetic,AstralGem,880,CO064,1,未消費・プラットフォーム規約の範囲で処理,所有済みの場合は購入不可または同価値通貨へ変換（商品設定で固定）,0
SKU065,深淵鎖のモルド AvatarFrame 3,Cosmetic,AstralGem,120,CO065,1,未消費・プラットフォーム規約の範囲で処理,所有済みの場合は購入不可または同価値通貨へ変換（商品設定で固定）,0
SKU066,花星のセリア KillEffect 3,Cosmetic,AstralGem,260,CO066,1,未消費・プラットフォーム規約の範囲で処理,所有済みの場合は購入不可または同価値通貨へ変換（商品設定で固定）,0
SKU067,砦砕のブラム HeroSkin 3,Cosmetic,AstralGem,520,CO067,1,未消費・プラットフォーム規約の範囲で処理,所有済みの場合は購入不可または同価値通貨へ変換（商品設定で固定）,0
SKU068,光矢のユナ Recall 3,Cosmetic,AstralGem,880,CO068,1,未消費・プラットフォーム規約の範囲で処理,所有済みの場合は購入不可または同価値通貨へ変換（商品設定で固定）,0
SKU069,時砂のキロス Spawn 3,Cosmetic,AstralGem,120,CO069,1,未消費・プラットフォーム規約の範囲で処理,所有済みの場合は購入不可または同価値通貨へ変換（商品設定で固定）,0
SKU070,蒼爪のレア Emote 3,Cosmetic,AstralGem,260,CO070,1,未消費・プラットフォーム規約の範囲で処理,所有済みの場合は購入不可または同価値通貨へ変換（商品設定で固定）,0
SKU071,雷槍のトレン AvatarFrame 3,Cosmetic,AstralGem,520,CO071,1,未消費・プラットフォーム規約の範囲で処理,所有済みの場合は購入不可または同価値通貨へ変換（商品設定で固定）,0
SKU072,夢織のノア KillEffect 3,Cosmetic,AstralGem,880,CO072,1,未消費・プラットフォーム規約の範囲で処理,所有済みの場合は購入不可または同価値通貨へ変換（商品設定で固定）,0
SKU073,城門の誓衛アルデン 解放,HeroUnlock,StarlightCoin,15141,H001,1,未消費・プラットフォーム規約の範囲で処理,所有済みの場合は購入不可または同価値通貨へ変換（商品設定で固定）,0
SKU074,星弦のリラ 解放,HeroUnlock,StarlightCoin,15458,H002,1,未消費・プラットフォーム規約の範囲で処理,所有済みの場合は購入不可または同価値通貨へ変換（商品設定で固定）,0
SKU075,灰刃のカエル 解放,HeroUnlock,StarlightCoin,15775,H003,1,未消費・プラットフォーム規約の範囲で処理,所有済みの場合は購入不可または同価値通貨へ変換（商品設定で固定）,0
SKU076,潮祈のミレア 解放,HeroUnlock,StarlightCoin,16092,H004,1,未消費・プラットフォーム規約の範囲で処理,所有済みの場合は購入不可または同価値通貨へ変換（商品設定で固定）,0
SKU077,黒雷のヴォス 解放,HeroUnlock,StarlightCoin,16409,H005,1,未消費・プラットフォーム規約の範囲で処理,所有済みの場合は購入不可または同価値通貨へ変換（商品設定で固定）,0
SKU078,月灯のセレン 解放,HeroUnlock,StarlightCoin,16726,H006,1,未消費・プラットフォーム規約の範囲で処理,所有済みの場合は購入不可または同価値通貨へ変換（商品設定で固定）,0
SKU079,岩脈のガルク 解放,HeroUnlock,StarlightCoin,12043,H007,1,未消費・プラットフォーム規約の範囲で処理,所有済みの場合は購入不可または同価値通貨へ変換（商品設定で固定）,0
SKU080,風標のニア 解放,HeroUnlock,StarlightCoin,12360,H008,1,未消費・プラットフォーム規約の範囲で処理,所有済みの場合は購入不可または同価値通貨へ変換（商品設定で固定）,0
SKU081,機巧士オリン 解放,HeroUnlock,StarlightCoin,12677,H009,1,未消費・プラットフォーム規約の範囲で処理,所有済みの場合は購入不可または同価値通貨へ変換（商品設定で固定）,0
SKU082,焔冠のテッサ 解放,HeroUnlock,StarlightCoin,12994,H010,1,未消費・プラットフォーム規約の範囲で処理,所有済みの場合は購入不可または同価値通貨へ変換（商品設定で固定）,0
SKU083,鉄翼のルーク 解放,HeroUnlock,StarlightCoin,13311,H011,1,未消費・プラットフォーム規約の範囲で処理,所有済みの場合は購入不可または同価値通貨へ変換（商品設定で固定）,0
SKU084,玻璃歌のエリネ 解放,HeroUnlock,StarlightCoin,13628,H012,1,未消費・プラットフォーム規約の範囲で処理,所有済みの場合は購入不可または同価値通貨へ変換（商品設定で固定）,0
SKU085,獣刻のダガン 解放,HeroUnlock,StarlightCoin,13945,H013,1,未消費・プラットフォーム規約の範囲で処理,所有済みの場合は購入不可または同価値通貨へ変換（商品設定で固定）,0
SKU086,霧歩のシオ 解放,HeroUnlock,StarlightCoin,14262,H014,1,未消費・プラットフォーム規約の範囲で処理,所有済みの場合は購入不可または同価値通貨へ変換（商品設定で固定）,0
SKU087,戦鐘のヴァルカ 解放,HeroUnlock,StarlightCoin,14579,H015,1,未消費・プラットフォーム規約の範囲で処理,所有済みの場合は購入不可または同価値通貨へ変換（商品設定で固定）,0
SKU088,白環のイリス 解放,HeroUnlock,StarlightCoin,14896,H016,1,未消費・プラットフォーム規約の範囲で処理,所有済みの場合は購入不可または同価値通貨へ変換（商品設定で固定）,0
SKU089,深淵鎖のモルド 解放,HeroUnlock,StarlightCoin,15213,H017,1,未消費・プラットフォーム規約の範囲で処理,所有済みの場合は購入不可または同価値通貨へ変換（商品設定で固定）,0
SKU090,花星のセリア 解放,HeroUnlock,StarlightCoin,15530,H018,1,未消費・プラットフォーム規約の範囲で処理,所有済みの場合は購入不可または同価値通貨へ変換（商品設定で固定）,0
SKU091,砦砕のブラム 解放,HeroUnlock,StarlightCoin,15847,H019,1,未消費・プラットフォーム規約の範囲で処理,所有済みの場合は購入不可または同価値通貨へ変換（商品設定で固定）,0
SKU092,光矢のユナ 解放,HeroUnlock,StarlightCoin,16164,H020,1,未消費・プラットフォーム規約の範囲で処理,所有済みの場合は購入不可または同価値通貨へ変換（商品設定で固定）,0
SKU093,時砂のキロス 解放,HeroUnlock,StarlightCoin,16481,H021,1,未消費・プラットフォーム規約の範囲で処理,所有済みの場合は購入不可または同価値通貨へ変換（商品設定で固定）,0
SKU094,蒼爪のレア 解放,HeroUnlock,StarlightCoin,16798,H022,1,未消費・プラットフォーム規約の範囲で処理,所有済みの場合は購入不可または同価値通貨へ変換（商品設定で固定）,0
SKU095,雷槍のトレン 解放,HeroUnlock,StarlightCoin,12115,H023,1,未消費・プラットフォーム規約の範囲で処理,所有済みの場合は購入不可または同価値通貨へ変換（商品設定で固定）,0
SKU096,夢織のノア 解放,HeroUnlock,StarlightCoin,12432,H024,1,未消費・プラットフォーム規約の範囲で処理,所有済みの場合は購入不可または同価値通貨へ変換（商品設定で固定）,0
SKU097,星環バンドル01,Bundle,AstralGem,1331,BUNDLE_01,5,未消費・プラットフォーム規約の範囲で処理,所有済みの場合は購入不可または同価値通貨へ変換（商品設定で固定）,0
SKU098,星環バンドル02,Bundle,AstralGem,1414,BUNDLE_02,5,未消費・プラットフォーム規約の範囲で処理,所有済みの場合は購入不可または同価値通貨へ変換（商品設定で固定）,0
SKU099,星環バンドル03,Bundle,AstralGem,1497,BUNDLE_03,5,未消費・プラットフォーム規約の範囲で処理,所有済みの場合は購入不可または同価値通貨へ変換（商品設定で固定）,0
SKU100,星環バンドル04,Bundle,AstralGem,1580,BUNDLE_04,5,未消費・プラットフォーム規約の範囲で処理,所有済みの場合は購入不可または同価値通貨へ変換（商品設定で固定）,0
SKU101,星環バンドル05,Bundle,AstralGem,1663,BUNDLE_05,5,未消費・プラットフォーム規約の範囲で処理,所有済みの場合は購入不可または同価値通貨へ変換（商品設定で固定）,0
SKU102,星環バンドル06,Bundle,AstralGem,546,BUNDLE_06,5,未消費・プラットフォーム規約の範囲で処理,所有済みの場合は購入不可または同価値通貨へ変換（商品設定で固定）,0
SKU103,星環バンドル07,Bundle,AstralGem,629,BUNDLE_07,5,未消費・プラットフォーム規約の範囲で処理,所有済みの場合は購入不可または同価値通貨へ変換（商品設定で固定）,0
SKU104,星環バンドル08,Bundle,AstralGem,712,BUNDLE_08,5,未消費・プラットフォーム規約の範囲で処理,所有済みの場合は購入不可または同価値通貨へ変換（商品設定で固定）,0
SKU105,星環バンドル09,Bundle,AstralGem,795,BUNDLE_09,5,未消費・プラットフォーム規約の範囲で処理,所有済みの場合は購入不可または同価値通貨へ変換（商品設定で固定）,0
SKU106,星環バンドル10,Bundle,AstralGem,878,BUNDLE_10,5,未消費・プラットフォーム規約の範囲で処理,所有済みの場合は購入不可または同価値通貨へ変換（商品設定で固定）,0
SKU107,星環バンドル11,Bundle,AstralGem,961,BUNDLE_11,5,未消費・プラットフォーム規約の範囲で処理,所有済みの場合は購入不可または同価値通貨へ変換（商品設定で固定）,0
SKU108,星環バンドル12,Bundle,AstralGem,1044,BUNDLE_12,5,未消費・プラットフォーム規約の範囲で処理,所有済みの場合は購入不可または同価値通貨へ変換（商品設定で固定）,0
SKU109,星環バンドル13,Bundle,AstralGem,1127,BUNDLE_13,5,未消費・プラットフォーム規約の範囲で処理,所有済みの場合は購入不可または同価値通貨へ変換（商品設定で固定）,0
SKU110,星環バンドル14,Bundle,AstralGem,1210,BUNDLE_14,5,未消費・プラットフォーム規約の範囲で処理,所有済みの場合は購入不可または同価値通貨へ変換（商品設定で固定）,0
SKU111,星環バンドル15,Bundle,AstralGem,1293,BUNDLE_15,5,未消費・プラットフォーム規約の範囲で処理,所有済みの場合は購入不可または同価値通貨へ変換（商品設定で固定）,0
SKU112,星環バンドル16,Bundle,AstralGem,1376,BUNDLE_16,5,未消費・プラットフォーム規約の範囲で処理,所有済みの場合は購入不可または同価値通貨へ変換（商品設定で固定）,0
SKU113,星環バンドル17,Bundle,AstralGem,1459,BUNDLE_17,5,未消費・プラットフォーム規約の範囲で処理,所有済みの場合は購入不可または同価値通貨へ変換（商品設定で固定）,0
SKU114,星環バンドル18,Bundle,AstralGem,1542,BUNDLE_18,5,未消費・プラットフォーム規約の範囲で処理,所有済みの場合は購入不可または同価値通貨へ変換（商品設定で固定）,0
