red,681,578.58,13.87,550,3,608,29
red,681,741.76,25.34,713,14,772,40
gold,387,895.48,28.90,883,17,909,40
red,75,377.65,34.23,370,19,381,47
red,993,578.44,49.62,561,25,596,68
red,98,296.09,58.47,292,37,302,72
red,968,741.52,60.81,724,37,759,79
red,865,880.46,71.84,865,49,896,99
gold,384,942.02,75.53,929,64,955,87
cyan,165,323.42,80.21,310,74,338,87
red,2391,880.49,107.97,835,76,926,126
red,683,797.57,153.34,768,142,828,168
green,320,436.89,154.43,427,144,447,164
cyan,293,490.77,173.26,481,163,501,184
red,971,797.07,188.89,779,165,815,207
pink,696,564.25,190.64,546,168,582,212
red,687,925.38,208.94,894,198,956,224
gold,367,142.53,213.06,123,203,165,226
pink,1790,374.13,242.99,332,212,418,269
green,320,530.37,229.54,520,219,541,239
red,982,925.06,244.77,907,220,943,263
gold,665,137.31,249.86,123,225,153,264
red,681,725.63,248.26,697,237,755,263
red,971,725.14,283.93,707,260,743,302
pink,846,374.27,296.59,360,267,388,321
red,141,629.73,330.87,621,326,642,337
cyan,391,443.74,340.65,433,330,455,351
gold,396,638.87,342.82,618,333,662,356
red,329,611.50,356.50,603,346,621,367
gold,697,633.76,379.80,619,354,651,394
red,395,594.88,374.77,585,363,606,386
green,316,247.53,374.09,237,364,258,383
cyan,292,289.66,387.75,279,377,300,398
blue,141,124.43,387.56,115,380,132,396
blue,192,161.58,389.06,148,380,173,401
cyan,293,142.69,392.45,131,381,153,404
pink,688,760.73,417.31,743,395,778,439
blue,917,144.17,425.21,127,402,161,443
red,692,931.80,439.53,901,428,962,455
pink,695,325.72,451.26,307,429,343,472
red,1000,931.55,475.55,913,451,949,494
cyan,292,784.92,479.23,775,469,795,490
gold,371,444.33,488.33,426,478,467,502
green,321,833.51,494.41,823,484,844,504
cyan,409,477.30,495.87,465,487,489,507
red,163,978.67,500.42,973,494,984,507
gold,680,439.01,524.94,424,500,455,539
cyan,349,460.96,515.14,451,505,471,529
blue,145,328.97,577.13,319,570,337,585
blue,194,366.01,578.73,352,570,378,592
cyan,288,347.42,582.24,337,571,357,594
pink,1241,672.46,614.47,658,580,690,648
blue,934,348.83,615.08,332,591,365,633
pink,2135,713.61,617.70,682,592,748,649
gold,397,940.40,618.04,920,608,963,631
blue,142,129.25,616.53,120,609,137,625
blue,185,166.56,617.85,152,609,179,631
cyan,292,147.56,621.35,136,610,159,633
green,319,544.15,636.97,534,627,555,646
blue,923,148.97,654.13,132,630,166,672
gold,712,935.27,655.17,921,630,951,670
green,2094,514.82,702.44,470,644,571,744
gold,67,978.97,664.70,973,658,984,672
blue,192,294.14,673.81,280,664,306,687
blue,145,257.17,672.12,248,665,265,681
cyan,294,275.59,677.07,264,666,287,689
gold,63,976.79,678.37,974,669,981,686
cyan,288,583.89,693.83,574,683,594,704
blue,899,276.85,709.42,260,686,294,727
green,321,644.27,705.80,634,696,655,715
blue,104,194.00,744.88,185,738,207,755
cyan,729,192.16,763.46,177,748,207,787
blue,2208,192.30,797.06,148,765,237,814
gold,387,131.40,789.21,119,778,144,801
blue,135,312.70,799.99,304,793,321,808
gold,367,747.83,808.74,728,799,770,822
blue,150,475.83,811.61,466,804,485,820
blue,194,512.77,813.31,499,804,525,826
cyan,294,494.36,816.72,483,805,505,829
gold,672,742.25,845.73,728,821,757,860
gold,385,178.15,835.85,165,824,191,847
blue,911,495.52,849.44,478,825,513,867
blue,278,338.43,847.53,327,832,349,855
