red,64,741.75,11.02,738,0,745,22
red,680,578.56,13.87,550,3,608,29
red,686,330.89,20.44,302,10,361,36
red,204,759.60,23.16,750,14,772,32
red,992,578.43,49.64,561,25,596,68
red,72,660.26,40.14,655,30,666,49
red,1000,330.73,56.54,313,32,348,75
red,784,743.50,63.40,724,35,759,79
red,63,731.70,46.83,721,37,738,55
red,865,880.46,71.84,865,49,896,99
cyan,164,687.06,56.86,674,50,702,63
red,2391,880.49,107.97,835,76,926,126
red,343,832.62,135.81,823,125,844,146
red,686,797.67,153.29,768,142,828,168
green,320,436.89,154.43,427,144,447,164
cyan,293,490.77,173.26,481,163,501,184
red,971,797.07,188.89,779,165,815,207
pink,696,564.25,190.64,546,168,582,212
red,687,925.38,208.94,894,198,956,224
blue,144,118.66,209.18,109,202,127,217
blue,192,155.51,210.71,142,202,168,223
cyan,288,136.83,214.21,126,203,146,226
pink,1799,374.10,243.02,332,212,418,269
green,320,530.37,229.54,520,219,541,239
red,982,925.06,244.77,907,220,943,263
blue,922,138.33,246.87,122,223,155,265
red,680,725.64,248.24,697,237,755,263
red,971,725.14,283.93,707,260,743,302
pink,859,374.20,296.47,360,267,388,321
cyan,391,443.74,340.65,433,330,455,351
red,682,634.46,341.08,604,330,665,356
red,976,634.07,376.83,616,352,652,395
green,316,247.53,374.09,237,364,258,383
cyan,292,289.66,387.75,279,377,300,398
blue,141,124.43,387.56,115,380,132,396
blue,192,161.58,389.06,148,380,173,401
cyan,292,142.66,392.47,131,381,153,404
pink,688,760.73,417.31,743,395,778,439
blue,918,144.19,425.21,127,402,161,443
red,693,931.79,439.52,901,428,962,455
pink,697,325.69,451.24,307,429,343,472
red,1001,931.56,475.55,913,451,949,494
cyan,292,784.92,479.23,775,469,795,490
blue,141,420.16,484.44,411,477,428,493
blue,186,457.27,485.98,443,477,469,499
cyan,293,438.57,489.21,427,478,450,501
green,321,833.51,494.41,823,484,844,504
blue,902,439.97,521.69,423,498,457,540
blue,145,328.97,577.13,319,570,337,585
blue,194,366.01,578.73,352,570,378,592
cyan,288,347.42,582.24,337,571,357,594
pink,1244,672.48,614.53,657,580,691,648
blue,934,348.83,615.08,332,591,365,633
pink,2133,713.61,617.70,682,592,748,649
red,681,935.80,616.28,907,605,966,631
blue,142,129.25,616.53,120,609,137,625
blue,185,166.56,617.85,152,609,179,631
cyan,292,147.56,621.35,136,610,159,633
green,327,544.08,637.19,534,627,555,647
red,967,935.78,651.90,918,628,953,670
blue,924,148.98,654.13,132,630,166,672
pink,698,508.78,677.85,491,656,527,699
blue,192,294.14,673.81,280,664,306,687
blue,145,257.17,672.12,248,665,265,681
cyan,294,275.59,677.07,264,666,287,689
cyan,288,583.89,693.83,574,683,594,704
blue,899,276.85,709.42,260,686,294,727
green,321,644.27,705.80,634,696,655,715
cyan,408,240.44,734.81,229,726,252,746
blue,104,194.00,744.88,185,738,207,755
cyan,730,192.18,763.45,177,748,207,787
blue,2208,192.30,797.06,148,765,237,814
green,2118,408.05,830.39,358,787,459,879
blue,138,312.85,800.12,304,793,321,808
blue,196,760.39,806.53,747,797,773,819
blue,146,723.71,805.01,714,798,733,813
cyan,284,741.89,809.98,731,799,751,821
blue,149,475.79,811.56,466,804,485,820
blue,194,512.77,813.31,499,804,525,826
cyan,294,494.36,816.72,483,805,505,829
blue,902,743.24,842.38,727,819,760,860
blue,911,495.52,849.44,478,825,513,867
blue,313,337.75,847.11,325,832,349,855
